itvId,itvInterventieOptieId,itvRegieParentId,sjId,sjGender,sjDateOfBirth,sjMaritalStatusId,sjWoonplaatsId,casId,casClassification,casThemaGebiedId,lgscoreRegieParentId,lgscoreScore,probProbleemOptieId,itvGoalReached,itvGeresidiveerd
16,1,724,844,Male,1992-06-01,9,3,724,complex,5,724,5,19,1,Ja
18,108,725,2698,Male,1981-05-01,9,3,725,complex,5,725,5,38,1,Ja
19,7,725,2698,Male,1981-05-01,9,3,725,complex,5,725,5,38,1,Ja
24,148,730,1945,Male,1989-12-01,9,3,730,complex,10,730,5,31,1,Nee
25,109,730,844,Male,1992-06-01,9,3,730,complex,10,730,5,38,1,Ja
27,60,731,1710,Male,1971-05-01,2,3,731,complex,5,731,5,93,0,Ja
28,108,733,844,Male,1992-06-01,9,3,733,complex,5,733,5,38,1,Ja
46,148,746,844,Male,1992-06-01,9,3,746,complex,5,746,5,38,1,Ja
47,60,746,1601,Male,1960-11-01,9,3,746,complex,5,746,5,9,1,Ja
49,7,747,844,Male,1992-06-01,9,3,747,complex,5,747,5,38,1,Ja
54,108,753,1468,Male,1988-05-01,2,3,753,complex,25,753,5,38,1,Ja
55,90,753,844,Male,1992-06-01,9,3,753,complex,25,753,5,36,1,Ja
56,1,753,844,Male,1992-06-01,9,3,753,complex,25,753,5,22,1,Ja
57,17,753,1468,Male,1988-05-01,2,3,753,complex,25,753,5,36,1,Ja
61,7,753,1468,Male,1988-05-01,2,3,753,complex,25,753,5,38,1,Ja
64,7,754,35,Male,1992-10-01,9,3,754,complex,25,754,5,38,1,Ja
66,108,755,844,Male,1992-06-01,9,3,755,complex,5,755,5,38,1,Ja
71,7,757,844,Male,1992-06-01,9,3,757,complex,5,757,5,38,1,Ja
72,7,760,2126,Male,1992-11-01,9,3,760,complex,5,760,5,38,1,Ja
75,7,764,2211,Male,1991-04-01,9,3,764,complex,5,764,5,38,1,Ja
76,108,764,2211,Male,1991-04-01,9,3,764,complex,5,764,5,38,1,Ja
80,7,766,562,Male,1991-04-01,9,3,766,complex,5,766,5,38,1,Ja
89,92,775,1639,Male,1984-08-01,9,260,775,complex,5,775,5,12,1,Nee
90,7,775,1639,Male,1984-08-01,9,260,775,complex,5,775,5,38,1,Nee
91,7,776,844,Male,1992-06-01,9,3,776,complex,5,776,5,38,1,Ja
93,108,777,174,Unknown,1987-02-01,9,28,777,complex,126,777,5,38,1,Nee
94,60,777,174,Unknown,1987-02-01,9,28,777,complex,126,777,5,38,1,Nee
103,7,783,2005,Male,1987-11-01,9,3,783,complex,5,783,5,38,1,Ja
104,49,783,2005,Male,1987-11-01,9,3,783,complex,5,783,5,13,0,Ja
112,7,789,2341,Male,1984-02-01,2,3,789,complex,5,789,5,38,1,Ja
118,108,793,2627,Male,1974-06-01,9,3,793,complex,5,793,5,38,1,Ja
119,109,793,2627,Male,1974-06-01,9,3,793,complex,5,793,5,38,1,Ja
124,7,794,844,Male,1992-06-01,9,3,794,complex,5,794,5,38,1,Ja
128,109,797,3803,Male,1994-05-01,9,416,797,complex,5,797,5,38,1,Ja
129,108,798,3804,Male,1993-11-01,9,285,798,complex,5,798,5,38,1,Ja
130,109,798,3804,Male,1993-11-01,9,285,798,complex,5,798,5,38,1,Ja
132,94,798,3804,Male,1993-11-01,9,285,798,complex,5,798,5,14,0,Nee
133,108,799,3480,Male,1994-08-01,2,3,799,complex,11,799,5,38,1,Ja
134,109,799,3480,Male,1994-08-01,2,3,799,complex,11,799,5,38,1,Ja
136,109,800,20,Male,1993-11-01,2,3,800,complex,25,800,5,38,1,Ja
145,7,804,844,Male,1992-06-01,9,3,804,complex,5,804,5,38,1,Ja
146,7,804,844,Male,1992-06-01,9,3,804,complex,5,804,5,38,1,Ja
156,7,814,3833,Male,1994-05-01,2,3,814,complex,5,814,5,38,1,Ja
157,108,815,2087,Male,1986-09-01,9,3,815,complex,5,815,5,38,1,Ja
158,108,817,3848,Male,1967-01-01,2,3,817,complex,5,817,5,38,1,Ja
159,60,817,3848,Male,1967-01-01,2,3,817,complex,5,817,5,38,1,Ja
160,110,817,3848,Male,1967-01-01,2,3,817,complex,5,817,5,38,1,Ja
161,7,818,105,Male,1992-02-01,9,3,818,complex,5,818,5,38,1,Ja
162,7,818,105,Male,1992-02-01,9,3,818,complex,5,818,5,38,1,Ja
167,108,822,3857,Male,1993-06-01,9,3,822,complex,5,822,5,38,1,Ja
171,7,823,844,Male,1992-06-01,9,3,823,complex,5,823,5,38,1,Ja
174,7,825,1983,Male,1987-03-01,9,3,825,complex,5,825,5,38,1,Ja
177,109,827,844,Male,1992-06-01,9,3,827,complex,5,827,5,38,1,Ja
178,109,827,844,Male,1992-06-01,9,3,827,complex,5,827,5,38,1,Ja
179,108,8336,3862,Male,1995-02-01,9,3,8336,complex,5,827,5,38,1,Ja
180,108,8336,3862,Male,1995-02-01,9,3,8336,complex,5,827,5,38,1,Ja
182,7,828,844,Male,1992-06-01,9,3,828,complex,25,828,5,38,1,Ja
185,108,832,2174,Male,1987-10-01,9,260,832,complex,5,832,5,38,1,Ja
186,1,832,844,Male,1992-06-01,9,3,832,complex,5,832,5,22,1,Ja
191,120,844,1443,Male,1991-08-01,9,3,844,complex,5,844,5,51,1,Ja
193,7,844,1443,Male,1991-08-01,9,3,844,complex,5,844,5,38,1,Ja
198,109,850,844,Male,1992-06-01,9,3,850,complex,5,850,5,38,1,Ja
199,7,850,844,Male,1992-06-01,9,3,850,complex,5,850,5,38,1,Ja
204,7,855,1337,Male,1977-04-01,9,3,855,complex,5,855,5,38,1,Ja
205,108,855,1337,Male,1977-04-01,9,3,855,complex,5,855,5,38,1,Ja
206,108,857,1045,Male,1969-11-01,9,3,857,complex,5,857,5,38,1,Ja
207,7,857,1045,Male,1969-11-01,9,3,857,complex,5,857,5,38,1,Ja
208,11,857,1045,Male,1969-11-01,9,3,857,complex,5,857,5,38,1,Ja
210,109,859,844,Male,1992-06-01,9,3,859,complex,5,859,5,5,0,Ja
215,92,866,461,Male,1993-04-01,2,3,866,complex,5,866,5,13,0,Ja
216,7,866,461,Male,1993-04-01,2,3,866,complex,5,866,5,38,1,Ja
217,49,867,2317,Male,1990-03-01,2,3,867,complex,11,867,5,13,0,Ja
218,136,867,844,Male,1992-06-01,9,3,867,complex,11,867,5,22,1,Ja
219,108,867,2317,Male,1990-03-01,2,3,867,complex,11,867,5,38,1,Ja
220,109,867,2317,Male,1990-03-01,2,3,867,complex,11,867,5,51,1,Ja
228,7,871,4629,Male,1995-06-01,9,3,871,complex,5,871,5,38,1,Ja
229,108,871,4629,Male,1995-06-01,9,3,871,complex,5,871,5,38,1,Ja
242,7,877,2110,Male,1989-08-01,9,3,877,complex,5,877,5,38,1,Ja
245,7,877,2110,Male,1989-08-01,9,3,877,complex,5,877,5,38,1,Ja
246,109,877,2110,Male,1989-08-01,9,3,877,complex,5,877,5,38,1,Ja
253,108,879,1528,Male,1989-10-01,9,3,879,complex,10,879,5,38,0,Ja
254,197,879,844,Male,1992-06-01,9,3,879,complex,10,879,5,105,1,Ja
256,7,881,557,Male,1991-07-01,9,3,881,complex,5,881,5,38,1,Ja
257,108,882,844,Male,1992-06-01,9,3,882,complex,5,882,5,38,1,Ja
258,109,882,844,Male,1992-06-01,9,3,882,complex,5,882,5,38,1,Ja
259,1,883,501,Male,1991-06-01,9,3,883,complex,25,883,5,51,1,Ja
260,1,883,501,Male,1991-06-01,9,3,883,complex,25,883,5,51,1,Ja
261,7,884,1385,Male,1977-04-01,9,3,884,complex,5,884,5,97,1,Ja
263,7,886,1002,Male,1988-11-01,2,3,886,complex,5,886,5,38,1,Ja
267,7,891,2735,Male,1978-02-01,2,3,891,complex,25,891,5,38,1,Ja
268,7,893,1863,Male,1967-07-01,2,3,893,complex,5,893,5,38,1,Ja
269,108,893,1863,Male,1967-07-01,2,3,893,complex,5,893,5,38,1,Ja
270,60,893,1863,Male,1967-07-01,2,3,893,complex,5,893,5,9,1,Ja
271,143,893,844,Male,1992-06-01,9,3,893,complex,5,893,5,19,1,Ja
278,26,899,2026,Female,1986-11-01,9,3,899,complex,5,899,5,28,1,Ja
279,108,899,2026,Female,1986-11-01,9,3,899,complex,5,899,5,38,1,Ja
282,7,901,5388,Male,1982-07-01,9,117,901,complex,5,901,5,38,1,Ja
283,7,902,5390,Male,1989-06-01,9,3,902,complex,5,902,5,38,1,Ja
285,7,903,5449,Male,1992-10-01,2,3,903,complex,5,903,5,38,1,Ja
286,7,904,5451,Male,1993-11-01,9,3,904,complex,25,904,5,38,1,Ja
289,7,907,774,Male,1989-03-01,2,3,907,complex,25,907,5,38,1,Ja
290,7,907,844,Male,1992-06-01,9,3,907,complex,25,907,5,38,1,Ja
292,7,907,844,Male,1992-06-01,9,3,907,complex,25,907,5,38,1,Ja
296,108,910,844,Male,1992-06-01,9,3,910,complex,5,910,5,38,1,Ja
297,7,911,3039,Male,1993-11-01,9,166,911,complex,5,911,5,38,1,Ja
298,120,912,3121,Male,1966-01-01,9,3,912,complex,5,912,5,38,1,Ja
299,108,912,3121,Male,1966-01-01,9,3,912,complex,5,912,5,38,1,Nee
300,60,912,3121,Male,1966-01-01,9,3,912,complex,5,912,5,38,1,Nee
301,108,913,1382,Male,1982-01-01,9,415,913,complex,5,913,5,38,1,Ja
302,49,913,1382,Male,1982-01-01,9,415,913,complex,5,913,5,35,1,Ja
303,109,913,1382,Male,1982-01-01,9,415,913,complex,5,913,5,38,1,Ja
304,7,913,1382,Male,1982-01-01,9,415,913,complex,5,913,5,38,1,Ja
310,7,916,1336,Male,1990-07-01,9,283,916,complex,5,916,5,38,1,Ja
311,108,916,1336,Male,1990-07-01,9,283,916,complex,5,916,5,38,1,Ja
312,108,917,844,Male,1992-06-01,9,3,917,complex,5,917,5,38,1,Ja
321,7,922,5436,Male,1987-11-01,9,3,922,complex,5,922,5,38,1,Ja
323,7,923,5551,Male,1993-10-01,9,3,923,complex,25,923,5,38,1,Ja
326,16,925,2387,Male,1967-08-01,2,3,925,complex,5,925,5,68,1,Ja
327,17,925,2387,Male,1967-08-01,2,3,925,complex,5,925,5,105,1,Ja
332,7,928,6007,Male,1993-02-01,9,416,928,complex,5,928,5,38,1,Ja
335,7,932,1069,Male,1987-11-01,9,3,932,complex,5,932,5,38,1,Ja
336,106,932,1069,Male,1987-11-01,9,3,932,complex,5,932,10,2,0,Ja
337,108,933,844,Male,1992-06-01,9,3,933,complex,5,933,5,38,1,Ja
338,111,933,908,Unknown,1976-09-01,9,3,933,complex,5,933,5,13,1,Ja
339,2,933,908,Unknown,1976-09-01,9,3,933,complex,5,933,5,23,0,Ja
340,7,934,2374,Male,1991-09-01,9,3,934,complex,5,934,10,38,1,Ja
341,143,934,844,Male,1992-06-01,9,3,934,complex,5,934,5,22,1,Ja
348,108,938,104,Male,1988-12-01,9,3,938,complex,5,938,5,38,1,Ja
349,7,939,844,Male,1992-06-01,9,3,939,complex,5,939,5,38,1,Ja
350,108,939,6206,Male,1991-12-01,9,3,939,complex,5,939,5,38,1,Ja
352,66,940,844,Male,1992-06-01,9,3,940,complex,5,940,5,38,1,Ja
353,7,941,5763,Male,1981-03-01,1,416,941,complex,5,941,5,38,1,Ja
356,7,942,844,Male,1992-06-01,9,3,942,complex,5,942,5,38,1,Ja
360,7,947,6385,Male,1980-07-01,9,416,947,complex,5,947,10,38,1,Ja
363,27,948,844,Male,1992-06-01,9,3,948,complex,5,948,5,31,1,Ja
364,90,948,844,Male,1992-06-01,9,3,948,complex,5,948,5,35,1,Ja
372,108,958,844,Male,1992-06-01,9,3,958,complex,25,958,5,38,1,Ja
373,16,958,844,Male,1992-06-01,9,3,958,complex,25,958,5,13,1,Ja
375,7,959,1522,Male,1991-05-01,9,416,959,complex,5,959,5,38,1,Ja
376,7,961,6774,Male,1968-10-01,2,3,961,complex,5,961,5,38,1,Ja
386,7,966,6883,Male,1993-07-01,9,3,966,complex,5,966,5,38,1,Ja
387,66,966,844,Male,1992-06-01,9,3,966,complex,5,966,5,38,1,Ja
388,7,968,844,Male,1992-06-01,9,3,968,complex,5,968,5,38,1,Ja
390,109,968,844,Male,1992-06-01,9,3,968,complex,5,968,5,38,1,Ja
393,120,970,844,Male,1992-06-01,9,3,970,complex,5,970,5,38,1,Ja
395,7,971,844,Male,1992-06-01,9,3,971,complex,5,971,5,38,1,Ja
397,66,972,844,Male,1992-06-01,9,3,972,complex,5,972,5,38,1,Ja
400,7,974,1404,Male,1986-07-01,2,3,974,complex,5,974,5,38,1,Ja
404,108,977,844,Male,1992-06-01,9,3,977,complex,5,977,5,38,1,Ja
405,27,977,844,Male,1992-06-01,9,3,977,complex,5,977,5,38,1,Ja
406,90,977,1718,Male,1981-11-01,9,3,977,complex,5,977,5,38,1,Nee
409,7,979,844,Male,1992-06-01,9,3,979,complex,5,979,5,38,1,Ja
410,71,979,844,Male,1992-06-01,9,3,979,complex,5,979,5,38,1,Ja
412,71,981,844,Male,1992-06-01,9,3,981,complex,5,981,5,38,1,Ja
413,7,981,844,Male,1992-06-01,9,3,981,complex,5,981,5,38,1,Ja
414,7,983,1351,Male,1989-05-01,9,3,983,complex,5,983,5,38,1,Ja
417,7,988,1577,Male,1987-09-01,9,69,988,complex,5,988,5,38,1,Ja
419,7,992,844,Male,1992-06-01,9,3,992,complex,5,992,5,38,1,Ja
420,7,993,844,Male,1992-06-01,9,3,993,complex,5,993,5,38,1,Ja
422,7,995,844,Male,1992-06-01,9,3,995,complex,5,995,5,38,1,Ja
423,7,996,844,Male,1992-06-01,9,3,996,complex,10,996,5,38,1,Ja
424,7,997,844,Male,1992-06-01,9,3,997,complex,5,997,5,38,1,Ja
425,7,998,844,Male,1992-06-01,9,3,998,complex,5,998,5,38,1,Ja
426,7,999,844,Male,1992-06-01,9,3,999,complex,5,999,5,38,1,Ja
427,109,999,844,Male,1992-06-01,9,3,999,complex,5,999,5,38,1,Ja
428,71,999,844,Male,1992-06-01,9,3,999,complex,5,999,5,38,1,Ja
429,7,1000,844,Male,1992-06-01,9,3,1000,complex,5,1000,5,38,1,Ja
434,7,1032,844,Male,1992-06-01,9,3,1032,complex,5,1032,5,38,1,Ja
436,66,1034,1805,Male,1972-02-01,9,3,1034,complex,5,1034,5,38,1,Ja
437,7,1035,8252,Male,1981-09-01,9,3,1035,complex,5,1035,5,38,1,Ja
440,7,1037,1383,Male,1974-12-01,9,285,1037,complex,5,1037,5,38,1,Ja
442,7,1038,2007,Male,1963-06-01,3,3,1038,complex,5,1038,5,38,1,Nee
492,197,1860,1839,Male,1966-05-01,9,3,1860,complex,10,1860,5,24,1,Ja
493,132,1860,1839,Male,1966-05-01,9,3,1860,complex,10,1860,5,23,1,Ja
494,16,1860,1839,Male,1966-05-01,9,3,1860,complex,10,1860,5,13,1,Ja
495,23,1860,1839,Male,1966-05-01,9,3,1860,complex,10,1860,5,38,1,Ja
496,197,1860,1839,Male,1966-05-01,9,3,1860,complex,10,1860,5,24,1,Nee
497,66,1898,1241,Male,1974-03-01,9,112,1898,complex,10,1898,5,38,1,Ja
498,136,1898,1241,Male,1974-03-01,9,112,1898,complex,10,1898,5,19,0,Ja
499,16,1898,1241,Male,1974-03-01,9,112,1898,complex,10,1898,5,13,0,Ja
505,78,1976,1802,Male,1974-08-01,9,3,1976,complex,10,1976,5,38,1,Ja
506,23,1982,1691,Male,1974-01-01,9,3,1982,complex,10,1982,5,38,1,Ja
508,197,1987,1831,Male,1977-08-01,1,4,1987,complex,25,1987,5,24,0,Ja
550,87,2075,1852,Male,1981-05-01,9,3,2075,complex,10,2075,5,38,1,Nee
559,20,2088,107,Male,1990-02-01,9,3,2088,complex,113,2088,5,4,0,Ja
560,92,2088,107,Male,1990-02-01,9,3,2088,complex,113,2088,5,35,0,Ja
561,49,2088,107,Male,1990-02-01,9,3,2088,complex,113,2088,5,35,0,Ja
574,94,2101,959,Male,1968-11-01,9,3,2101,complex,25,2101,5,14,0,Ja
575,78,2101,959,Male,1968-11-01,9,3,2101,complex,25,2101,5,38,1,Ja
576,16,2101,959,Male,1968-11-01,9,3,2101,complex,25,2101,5,13,1,Ja
577,17,2101,959,Male,1968-11-01,9,3,2101,complex,25,2101,5,13,1,Ja
578,16,2114,1634,Male,1967-10-01,2,3,2114,complex,10,2114,5,13,1,Ja
579,94,2114,1634,Male,1967-10-01,2,3,2114,complex,10,2114,5,13,1,Ja
581,136,2114,1634,Male,1967-10-01,2,3,2114,complex,10,2114,5,19,1,Ja
583,47,2114,1634,Male,1967-10-01,2,3,2114,complex,10,2114,5,4,1,Ja
588,53,2134,977,Unknown,1988-05-01,9,250,2134,complex,25,2134,5,38,1,Ja
590,105,2184,995,Male,1984-03-01,2,3,2184,complex,25,2184,5,22,0,Ja
594,197,2205,1696,Female,1983-06-01,9,416,2205,complex,113,2205,5,24,0,Ja
595,16,2205,1696,Female,1983-06-01,9,416,2205,complex,113,2205,5,13,1,Ja
596,16,2205,1696,Female,1983-06-01,9,416,2205,complex,113,2205,5,13,0,Ja
602,65,2223,1290,Male,1986-06-01,9,288,2223,complex,33,2223,5,19,1,Ja
603,105,2223,1290,Male,1986-06-01,9,288,2223,complex,33,2223,5,19,1,Ja
604,136,2223,1290,Male,1986-06-01,9,288,2223,complex,33,2223,5,19,1,Ja
605,17,2223,1290,Male,1986-06-01,9,288,2223,complex,33,2223,5,25,1,Ja
606,132,2223,1290,Male,1986-06-01,9,288,2223,complex,33,2223,5,23,1,Ja
608,70,2229,1029,Male,1972-10-01,9,424,2229,complex,10,2229,5,19,1,Ja
609,16,2229,1029,Male,1972-10-01,9,424,2229,complex,10,2229,5,13,1,Nee
610,94,2229,1029,Male,1972-10-01,9,424,2229,complex,10,2229,5,13,0,Ja
611,17,2229,1029,Male,1972-10-01,9,424,2229,complex,10,2229,5,13,1,Ja
614,16,2245,911,Male,1986-12-01,9,3,2245,complex,25,2245,5,13,1,Ja
615,94,2245,911,Male,1986-12-01,9,3,2245,complex,25,2245,5,13,1,Ja
616,78,2245,911,Male,1986-12-01,9,3,2245,complex,25,2245,5,38,1,Ja
617,49,2250,3,Male,1990-09-01,9,3,2250,complex,10,2250,5,13,0,Ja
618,47,2250,3,Male,1990-09-01,9,3,2250,complex,10,2250,5,4,1,Ja
631,16,2288,1170,Male,1969-04-01,9,3,2288,complex,10,2288,5,13,1,Ja
632,132,2306,86,Male,1986-12-01,9,3,2306,complex,10,2306,10,23,1,Ja
633,16,2306,86,Male,1986-12-01,9,3,2306,complex,10,2306,10,13,1,Ja
634,49,2306,86,Male,1986-12-01,9,3,2306,complex,10,2306,10,13,1,Ja
638,16,2371,1430,Male,1986-11-01,9,3,2371,complex,10,2371,5,13,0,Ja
639,200,2390,1411,Male,1991-11-01,2,3,2390,complex,25,2390,5,38,1,Ja
641,61,2390,1411,Male,1991-11-01,2,3,2390,complex,25,2390,5,36,0,Ja
642,132,2409,307,Male,1992-06-01,9,17,2409,complex,10,2409,5,23,1,Ja
643,20,2409,307,Male,1992-06-01,9,17,2409,complex,10,2409,5,4,1,Ja
644,16,2409,307,Male,1992-06-01,9,17,2409,complex,10,2409,5,13,1,Ja
645,94,2409,307,Male,1992-06-01,9,17,2409,complex,10,2409,5,13,1,Ja
646,65,2409,307,Male,1992-06-01,9,17,2409,complex,10,2409,5,13,1,Ja
647,66,2409,307,Male,1992-06-01,9,17,2409,complex,10,2409,5,38,1,Ja
649,20,2412,1335,Male,1992-01-01,9,3,2412,complex,25,2412,5,35,1,Ja
651,66,2432,148,Male,1992-08-01,2,3,2432,complex,25,2432,5,38,1,Ja
654,23,2445,208,Male,1993-01-01,2,3,2445,complex,25,2445,5,38,1,Ja
659,61,2460,256,Male,1990-02-01,9,3,2460,complex,10,2460,5,13,1,Ja
660,92,2460,256,Male,1990-02-01,9,3,2460,complex,10,2460,5,36,1,Ja
662,78,2479,2002,Male,1983-02-01,9,3,2479,complex,10,2479,5,38,1,Ja
663,16,2479,2002,Male,1983-02-01,9,3,2479,complex,10,2479,5,13,1,Ja
664,49,2488,935,Unknown,1993-06-01,9,3,2488,complex,10,2488,5,13,0,Ja
665,20,2488,935,Unknown,1993-06-01,9,3,2488,complex,10,2488,5,4,0,Ja
666,92,2488,935,Unknown,1993-06-01,9,3,2488,complex,10,2488,5,35,0,Ja
670,66,2506,2084,Male,1991-01-01,2,3,2506,complex,11,2506,5,38,1,Ja
671,108,2506,2084,Male,1991-01-01,2,3,2506,complex,11,2506,5,38,1,Ja
672,78,2510,2309,Male,1985-07-01,9,3,2510,complex,25,2510,5,38,1,Ja
673,63,2510,2309,Male,1985-07-01,9,3,2510,complex,25,2510,5,38,1,Ja
674,16,2523,2148,Male,1983-10-01,9,3,2523,complex,10,2523,5,13,0,Ja
675,94,2523,2148,Male,1983-10-01,9,3,2523,complex,10,2523,5,13,1,Ja
679,66,2770,3236,Male,1994-04-01,9,3,2770,complex,25,2770,5,38,1,Ja
680,66,2770,3236,Male,1994-04-01,9,3,2770,complex,25,2770,5,38,1,Ja
682,16,2803,382,Male,1992-08-01,2,3,2803,complex,10,2803,5,13,1,Ja
686,66,2428,406,Male,1992-10-01,2,3,2428,complex,25,2428,5,38,1,Ja
687,87,2428,406,Male,1992-10-01,2,3,2428,complex,25,2428,5,38,1,Ja
688,66,2428,406,Male,1992-10-01,2,3,2428,complex,25,2428,5,38,1,Ja
689,108,2428,406,Male,1992-10-01,2,3,2428,complex,25,2428,5,38,1,Ja
690,49,2428,406,Male,1992-10-01,2,3,2428,complex,25,2428,5,13,0,Ja
691,44,1447,876,Male,1995-06-01,2,3,1447,complex,13,1447,5,38,1,Ja
693,108,2845,396,Male,1994-05-01,2,3,2845,complex,10,2845,5,38,1,Ja
694,128,2845,396,Male,1994-05-01,2,3,2845,complex,10,2845,5,13,1,Ja
695,45,2845,396,Male,1994-05-01,2,3,2845,complex,10,2845,5,38,1,Ja
696,58,1391,758,Male,1995-11-01,9,3,1391,complex,8,1391,5,38,1,Ja
697,58,1391,758,Male,1995-11-01,9,3,1391,complex,8,1391,5,38,1,Ja
698,58,1391,758,Male,1995-11-01,9,3,1391,complex,8,1391,5,38,1,Ja
699,58,1391,758,Male,1995-11-01,9,3,1391,complex,8,1391,5,38,1,Ja
700,185,1391,758,Male,1995-11-01,9,3,1391,complex,8,1391,5,12,0,Ja
701,34,1391,758,Male,1995-11-01,9,3,1391,complex,8,1391,5,38,0,Ja
702,149,1391,758,Male,1995-11-01,9,3,1391,complex,8,1391,5,4,0,Ja
703,166,1391,758,Male,1995-11-01,9,3,1391,complex,8,1391,5,60,0,Ja
707,111,803,1278,Male,1981-06-01,2,3,803,complex,5,803,5,13,0,Ja
711,66,818,105,Male,1992-02-01,9,3,818,complex,5,818,5,38,1,Ja
712,63,818,105,Male,1992-02-01,9,3,818,complex,5,818,5,38,1,Ja
714,20,818,105,Male,1992-02-01,9,3,818,complex,5,818,5,38,0,Ja
715,58,818,105,Male,1992-02-01,9,3,818,complex,5,818,5,38,1,Ja
719,44,2464,1960,Male,1991-06-01,2,3,2464,complex,10,2464,5,38,1,Ja
720,87,2464,1960,Male,1991-06-01,2,3,2464,complex,10,2464,5,38,1,Ja
722,45,2403,1460,Male,1992-05-01,9,3,2403,complex,10,2403,5,38,1,Ja
724,58,1371,645,Male,1996-01-01,9,3,1371,complex,8,1371,5,38,1,Ja
725,58,1371,645,Male,1996-01-01,9,3,1371,complex,8,1371,5,38,1,Ja
726,58,1371,645,Male,1996-01-01,9,3,1371,complex,8,1371,5,38,1,Ja
728,108,1371,645,Male,1996-01-01,9,3,1371,complex,8,1371,5,38,1,Ja
729,141,1371,645,Male,1996-01-01,9,3,1371,complex,8,1371,5,4,1,Nee
731,24,1851,113,Male,1988-08-01,9,3,1851,complex,25,1851,5,38,1,Ja
732,44,959,1522,Male,1991-05-01,9,416,959,complex,5,959,5,38,1,Ja
733,58,1342,2249,Male,1994-08-01,9,3,1342,complex,13,1342,5,38,1,Ja
734,180,1180,169,Male,1994-07-01,9,52,1180,complex,8,1180,5,38,1,Ja
735,202,1180,169,Male,1994-07-01,9,52,1180,complex,8,1180,5,4,1,Ja
736,108,2849,2181,Male,1995-07-01,2,3,2849,complex,10,2849,5,38,1,Ja
737,111,2849,2181,Male,1995-07-01,2,3,2849,complex,10,2849,5,36,0,Ja
738,108,2851,2369,Female,1996-10-01,9,3,2851,complex,113,2851,5,38,0,Ja
739,37,303,1004,Male,1992-05-01,9,258,303,complex,105,303,5,4,0,Ja
740,58,2524,2149,Male,1994-08-01,9,3,2524,complex,10,2524,5,38,1,Ja
741,58,2524,2149,Male,1994-08-01,9,3,2524,complex,10,2524,5,38,1,Ja
742,87,2524,2149,Male,1994-08-01,9,3,2524,complex,10,2524,5,38,1,Ja
743,34,2524,2149,Male,1994-08-01,9,3,2524,complex,10,2524,5,4,0,Ja
744,7,2524,2149,Male,1994-08-01,9,3,2524,complex,10,2524,5,38,0,Ja
745,61,2524,2149,Male,1994-08-01,9,3,2524,complex,10,2524,5,11,0,Ja
746,45,2524,2149,Male,1994-08-01,9,3,2524,complex,10,2524,5,38,1,Ja
750,92,1139,422,Male,1997-06-01,9,3,1139,complex,13,1139,5,110,0,Ja
766,60,8228,2053,Male,1972-05-01,3,156,8228,complex,5,2493,5,33,1,Ja
767,7,8228,2053,Male,1972-05-01,3,156,8228,complex,5,2493,5,17,1,Ja
768,66,2493,2053,Male,1972-05-01,3,156,2493,complex,10,2493,5,38,1,Ja
769,66,2493,2053,Male,1972-05-01,3,156,2493,complex,10,2493,5,38,1,Ja
770,87,2493,2053,Male,1972-05-01,3,156,2493,complex,10,2493,5,38,1,Ja
771,87,2493,2053,Male,1972-05-01,3,156,2493,complex,10,2493,5,38,1,Ja
772,87,2493,2053,Male,1972-05-01,3,156,2493,complex,10,2493,5,38,1,Ja
773,87,2493,2053,Male,1972-05-01,3,156,2493,complex,10,2493,5,38,1,Ja
774,140,1197,3250,Male,1998-01-01,2,3,1197,complex,13,1197,5,38,0,Ja
776,66,2643,787,Male,1995-02-01,2,3,2643,complex,25,2643,5,38,1,Ja
777,108,2643,787,Male,1995-02-01,2,3,2643,complex,25,2643,5,38,0,Ja
778,140,2643,787,Male,1995-02-01,2,3,2643,complex,25,2643,5,38,1,Ja
779,111,2643,787,Male,1995-02-01,2,3,2643,complex,25,2643,5,110,1,Ja
781,184,2643,787,Male,1995-02-01,2,3,2643,complex,25,2643,5,31,0,Ja
782,87,825,1983,Male,1987-03-01,9,3,825,complex,5,825,5,38,1,Ja
783,44,825,1983,Male,1987-03-01,9,3,825,complex,5,825,5,38,1,Ja
787,111,2489,2038,Male,1984-06-01,9,3,2489,complex,25,2489,5,13,0,Ja
788,87,2489,2038,Male,1984-06-01,9,3,2489,complex,25,2489,5,38,1,Ja
789,66,2033,502,Male,1989-03-01,9,283,2033,complex,10,2033,5,38,1,Ja
790,87,2033,502,Male,1989-03-01,9,283,2033,complex,10,2033,5,38,1,Ja
791,87,2033,502,Male,1989-03-01,9,283,2033,complex,10,2033,5,38,1,Ja
792,63,2033,502,Male,1989-03-01,9,283,2033,complex,10,2033,5,38,1,Ja
793,87,2033,502,Male,1989-03-01,9,283,2033,complex,10,2033,5,38,1,Ja
794,108,2033,502,Male,1989-03-01,9,283,2033,complex,10,2033,5,38,0,Ja
795,45,2033,502,Male,1989-03-01,9,283,2033,complex,10,2033,5,38,1,Ja
796,30,2033,502,Male,1989-03-01,9,283,2033,complex,10,2033,5,35,0,Ja
797,128,2033,502,Male,1989-03-01,9,283,2033,complex,10,2033,5,110,1,Ja
798,108,1378,3812,Male,1995-10-01,9,3,1378,complex,13,1378,5,38,0,Ja
799,111,1378,3812,Male,1995-10-01,9,3,1378,complex,13,1378,5,13,0,Ja
800,66,2134,977,Unknown,1988-05-01,9,250,2134,complex,25,2134,5,38,1,Ja
801,66,2134,977,Unknown,1988-05-01,9,250,2134,complex,25,2134,5,38,1,Ja
802,66,2134,977,Unknown,1988-05-01,9,250,2134,complex,25,2134,5,38,1,Ja
803,87,2134,977,Unknown,1988-05-01,9,250,2134,complex,25,2134,5,38,1,Ja
805,26,2134,977,Unknown,1988-05-01,9,250,2134,complex,25,2134,5,38,0,Ja
806,6,2134,977,Unknown,1988-05-01,9,250,2134,complex,25,2134,5,38,1,Ja
807,53,2134,977,Unknown,1988-05-01,9,250,2134,complex,25,2134,5,38,0,Ja
810,87,2454,938,Male,1993-05-01,2,3,2454,complex,25,2454,5,38,1,Ja
811,87,2454,938,Male,1993-05-01,2,3,2454,complex,25,2454,5,38,1,Ja
812,87,2454,938,Male,1993-05-01,2,3,2454,complex,25,2454,5,38,1,Ja
813,87,2454,938,Male,1993-05-01,2,3,2454,complex,25,2454,5,38,1,Ja
814,20,2454,938,Male,1993-05-01,2,3,2454,complex,25,2454,5,38,1,Ja
815,87,2245,911,Male,1986-12-01,9,3,2245,complex,25,2245,5,38,1,Ja
816,87,2245,911,Male,1986-12-01,9,3,2245,complex,25,2245,5,38,1,Ja
817,7,2245,911,Male,1986-12-01,9,3,2245,complex,25,2245,5,38,0,Ja
818,6,2245,911,Male,1986-12-01,9,3,2245,complex,25,2245,5,38,0,Ja
819,26,2245,911,Male,1986-12-01,9,3,2245,complex,25,2245,5,38,1,Ja
820,101,2245,911,Male,1986-12-01,9,3,2245,complex,25,2245,5,38,0,Ja
825,92,1864,1231,Male,1988-08-01,9,3,1864,complex,10,1864,5,35,0,Ja
826,24,2592,2650,Male,1993-09-01,9,6,2592,complex,25,2592,5,38,0,Ja
827,53,747,1609,Male,1975-09-01,2,3,747,complex,5,747,5,38,0,Ja
833,108,2899,6901,Male,1993-05-01,2,3,2899,complex,25,2899,5,38,0,Ja
834,10,2899,6901,Male,1993-05-01,2,3,2899,complex,25,2899,5,9,0,Ja
835,66,2205,1696,Female,1983-06-01,9,416,2205,complex,113,2205,5,38,1,Ja
836,108,2205,1696,Female,1983-06-01,9,416,2205,complex,113,2205,5,38,1,Ja
844,180,2644,803,Male,1994-05-01,2,3,2644,complex,10,2644,5,38,0,Ja
845,66,2372,1534,Male,1990-02-01,9,3,2372,complex,10,2372,5,38,1,Ja
847,16,363,601,Male,1989-11-01,2,3,363,complex,130,363,10,13,0,Nee
848,108,2651,1909,Male,1994-07-01,9,3,2651,complex,25,2651,5,38,0,Ja
849,34,2651,1909,Male,1994-07-01,9,3,2651,complex,25,2651,5,4,0,Ja
850,87,2430,894,Male,1992-02-01,9,3,2430,complex,25,2430,5,38,1,Ja
851,108,2430,894,Male,1992-02-01,9,3,2430,complex,25,2430,5,38,0,Nee
852,66,2430,894,Male,1992-02-01,9,3,2430,complex,25,2430,5,38,1,Ja
854,55,2623,2396,Male,1995-02-01,2,3,2623,complex,10,2623,5,13,0,Ja
855,201,2623,2396,Male,1995-02-01,2,3,2623,complex,10,2623,5,4,0,Ja
856,58,2623,2396,Male,1995-02-01,2,3,2623,complex,10,2623,5,38,1,Ja
857,58,2623,2396,Male,1995-02-01,2,3,2623,complex,10,2623,5,38,1,Ja
858,108,2412,1335,Male,1992-01-01,9,3,2412,complex,25,2412,5,38,0,Nee
859,24,2779,1938,Male,1984-01-01,9,283,2779,complex,10,2779,5,38,1,Ja
860,128,2779,1938,Male,1984-01-01,9,283,2779,complex,10,2779,5,13,0,Nee
861,108,2779,1938,Male,1984-01-01,9,283,2779,complex,10,2779,5,38,1,Ja
874,45,802,2258,Male,1993-07-01,9,3,802,complex,5,802,5,38,1,Ja
882,58,3550,2081,Male,1996-03-01,9,3,3550,complex,13,3550,5,38,1,Ja
883,58,3550,2081,Male,1996-03-01,9,3,3550,complex,13,3550,5,38,1,Ja
898,58,37,2540,Male,1998-08-01,9,3,37,notcomplex,11,37,5,38,1,Ja
899,141,37,2540,Male,1998-08-01,9,3,37,notcomplex,11,37,5,4,1,Ja
902,27,2393,1409,Male,1992-08-01,9,285,2393,complex,113,2393,5,38,0,Ja
905,87,2088,107,Male,1990-02-01,9,3,2088,complex,113,2088,5,38,1,Ja
906,45,2088,107,Male,1990-02-01,9,3,2088,complex,113,2088,5,38,1,Ja
908,44,1211,822,Male,1994-09-01,2,3,1211,complex,25,1211,5,38,1,Ja
909,58,1211,822,Male,1994-09-01,2,3,1211,complex,25,1211,5,38,1,Ja
913,24,1211,822,Male,1994-09-01,2,3,1211,complex,25,1211,5,38,1,Ja
916,27,1574,395,Male,1994-06-01,9,3,1574,complex,8,1574,5,38,1,Nee
942,66,1308,757,Male,1992-12-01,2,3,1308,notcomplex,8,1308,5,38,1,Ja
943,44,1308,757,Male,1992-12-01,2,3,1308,notcomplex,8,1308,5,38,1,Ja
944,6,1308,757,Male,1992-12-01,2,3,1308,notcomplex,8,1308,5,38,1,Ja
948,26,844,1443,Male,1991-08-01,9,3,844,complex,5,844,5,38,1,Ja
952,87,2390,1411,Male,1991-11-01,2,3,2390,complex,25,2390,5,38,1,Ja
953,87,2390,1411,Male,1991-11-01,2,3,2390,complex,25,2390,5,38,1,Ja
954,87,2390,1411,Male,1991-11-01,2,3,2390,complex,25,2390,5,38,1,Ja
955,87,2390,1411,Male,1991-11-01,2,3,2390,complex,25,2390,5,38,1,Ja
956,87,2390,1411,Male,1991-11-01,2,3,2390,complex,25,2390,5,38,1,Ja
958,45,2390,1411,Male,1991-11-01,2,3,2390,complex,25,2390,5,38,1,Ja
959,87,1900,1756,Male,1988-12-01,9,3,1900,complex,10,1900,5,38,1,Ja
960,7,1900,1756,Male,1988-12-01,9,3,1900,complex,10,1900,5,38,1,Ja
961,111,1900,1756,Male,1988-12-01,9,3,1900,complex,10,1900,5,13,0,Nee
963,58,1278,369,Male,1995-04-01,9,3,1278,complex,13,1278,5,38,1,Ja
964,66,1278,369,Male,1995-04-01,9,3,1278,complex,13,1278,5,38,1,Ja
966,176,1278,369,Male,1995-04-01,9,3,1278,complex,13,1278,5,38,0,Ja
967,174,1278,369,Male,1995-04-01,9,3,1278,complex,13,1278,5,2,0,Ja
978,180,1146,344,Male,1996-05-01,9,3,1146,complex,25,1146,5,38,1,Ja
979,157,1146,344,Male,1996-05-01,9,3,1146,complex,25,1146,5,5,1,Ja
982,44,800,20,Male,1993-11-01,2,3,800,complex,25,800,5,38,1,Ja
983,44,800,20,Male,1993-11-01,2,3,800,complex,25,800,5,38,1,Ja
984,63,800,20,Male,1993-11-01,2,3,800,complex,25,800,5,38,1,Ja
985,63,800,20,Male,1993-11-01,2,3,800,complex,25,800,5,38,1,Ja
986,87,800,20,Male,1993-11-01,2,3,800,complex,25,800,5,38,1,Ja
987,6,800,20,Male,1993-11-01,2,3,800,complex,25,800,5,38,1,Ja
988,111,800,20,Male,1993-11-01,2,3,800,complex,25,800,5,13,0,Ja
989,94,800,20,Male,1993-11-01,2,3,800,complex,25,800,5,14,0,Ja
990,66,2798,820,Male,1995-02-01,2,3,2798,complex,25,2798,5,38,1,Ja
991,66,2798,820,Male,1995-02-01,2,3,2798,complex,25,2798,5,38,1,Ja
992,153,2798,820,Male,1995-02-01,2,3,2798,complex,25,2798,5,4,0,Ja
993,180,2798,820,Male,1995-02-01,2,3,2798,complex,25,2798,5,38,1,Nee
1007,66,2488,935,Unknown,1993-06-01,9,3,2488,complex,10,2488,5,38,1,Ja
1008,108,2488,935,Unknown,1993-06-01,9,3,2488,complex,10,2488,5,38,0,Ja
1010,10,2650,2127,Male,1995-12-01,9,3,2650,complex,10,2650,5,9,1,Nee
1011,189,2650,2127,Male,1995-12-01,9,3,2650,complex,10,2650,5,4,1,Nee
1012,92,2650,2127,Male,1995-12-01,9,3,2650,complex,10,2650,5,12,0,Nee
1019,45,309,4120,Male,1992-01-01,2,3,309,notcomplex,11,309,5,38,1,Ja
1021,66,309,4120,Male,1992-01-01,2,3,309,notcomplex,11,309,5,38,1,Ja
1022,87,309,4120,Male,1992-01-01,2,3,309,notcomplex,11,309,5,38,1,Ja
1023,87,309,4120,Male,1992-01-01,2,3,309,notcomplex,11,309,5,38,1,Ja
1031,66,2148,656,Male,1990-04-01,9,3,2148,complex,113,2148,5,38,1,Ja
1032,87,2148,656,Male,1990-04-01,9,3,2148,complex,113,2148,5,38,1,Ja
1033,87,2148,656,Male,1990-04-01,9,3,2148,complex,113,2148,5,38,1,Ja
1036,26,2148,656,Male,1990-04-01,9,3,2148,complex,113,2148,5,38,1,Ja
1039,45,2377,1349,Male,1991-09-01,9,3,2377,complex,10,2377,5,38,1,Ja
1040,89,2377,1349,Male,1991-09-01,9,3,2377,complex,10,2377,5,35,1,Ja
1049,45,2400,1568,Male,1991-05-01,9,3,2400,complex,10,2400,5,38,1,Ja
1060,87,2362,37,Male,1991-05-01,9,416,2362,complex,10,2362,5,38,1,Ja
1061,66,2362,37,Male,1991-05-01,9,416,2362,complex,10,2362,5,38,1,Ja
1062,114,2362,37,Male,1991-05-01,9,416,2362,complex,10,2362,5,4,0,Ja
1063,34,2362,37,Male,1991-05-01,9,416,2362,complex,10,2362,5,38,0,Ja
1064,47,2362,844,Male,1992-06-01,9,3,2362,complex,10,2362,5,35,1,Ja
1066,137,2362,37,Male,1991-05-01,9,416,2362,complex,10,2362,5,4,0,Ja
1067,87,2642,236,Male,1992-07-01,9,416,2642,complex,10,2642,5,38,1,Ja
1068,87,2642,236,Male,1992-07-01,9,416,2642,complex,10,2642,5,38,1,Ja
1069,87,2642,236,Male,1992-07-01,9,416,2642,complex,10,2642,5,38,1,Ja
1071,34,2642,844,Male,1992-06-01,9,3,2642,complex,10,2642,5,38,1,Ja
1072,106,2642,236,Male,1992-07-01,9,416,2642,complex,10,2642,5,4,0,Ja
1081,108,2044,1724,Male,1981-05-01,2,3,2044,complex,105,2044,5,38,1,Ja
1082,45,2044,1724,Male,1981-05-01,2,3,2044,complex,105,2044,5,38,1,Ja
1083,47,2044,1724,Male,1981-05-01,2,3,2044,complex,105,2044,5,23,0,Ja
1084,71,2044,1724,Male,1981-05-01,2,3,2044,complex,105,2044,5,38,1,Ja
1085,155,1414,313,Male,1997-07-01,9,3,1414,complex,13,1414,5,38,1,Ja
1088,11,2479,2002,Male,1983-02-01,9,3,2479,complex,10,2479,5,38,0,Nee
1089,53,2479,2002,Male,1983-02-01,9,3,2479,complex,10,2479,5,38,1,Nee
1102,87,2445,208,Male,1993-01-01,2,3,2445,complex,25,2445,5,38,1,Ja
1103,66,2445,208,Male,1993-01-01,2,3,2445,complex,25,2445,5,38,1,Ja
1104,34,2445,208,Male,1993-01-01,2,3,2445,complex,25,2445,5,51,0,Ja
1106,139,2445,208,Male,1993-01-01,2,3,2445,complex,25,2445,5,9,0,Ja
1110,58,2680,500,Male,1992-12-01,9,3,2680,complex,10,2680,5,38,1,Ja
1111,30,2680,500,Male,1992-12-01,9,3,2680,complex,10,2680,5,35,0,Nee
1112,7,773,1188,Male,1989-02-01,9,3,773,complex,5,773,5,38,1,Ja
1113,26,773,1188,Male,1989-02-01,9,3,773,complex,5,773,5,38,1,Ja
1114,24,773,1188,Male,1989-02-01,9,3,773,complex,5,773,5,38,1,Ja
1118,58,2626,165,Male,1994-05-01,9,3,2626,complex,10,2626,5,38,1,Ja
1119,128,2626,165,Male,1994-05-01,9,3,2626,complex,10,2626,5,13,1,Ja
1120,66,2332,106,Male,1989-06-01,2,3,2332,complex,113,2332,5,38,1,Ja
1121,66,2332,106,Male,1989-06-01,2,3,2332,complex,113,2332,5,38,1,Ja
1122,87,2332,106,Male,1989-06-01,2,3,2332,complex,113,2332,5,38,1,Ja
1123,87,2332,106,Male,1989-06-01,2,3,2332,complex,113,2332,5,38,1,Ja
1124,108,2332,844,Male,1992-06-01,9,3,2332,complex,113,2332,5,38,1,Ja
1126,45,2332,106,Male,1989-06-01,2,3,2332,complex,113,2332,5,38,1,Ja
1131,58,637,4758,Male,1994-10-01,9,262,637,complex,10,637,5,38,1,Ja
1132,58,637,4758,Male,1994-10-01,9,262,637,complex,10,637,5,38,1,Ja
1133,87,637,4758,Male,1994-10-01,9,262,637,complex,10,637,5,38,1,Ja
1134,87,637,4758,Male,1994-10-01,9,262,637,complex,10,637,5,38,1,Ja
1138,108,770,1267,Male,1978-12-01,9,3,770,complex,5,770,5,38,1,Nee
1139,45,770,1267,Male,1978-12-01,9,3,770,complex,5,770,5,38,1,Ja
1140,34,770,1267,Male,1978-12-01,9,3,770,complex,5,770,5,38,1,Nee
1141,94,770,1267,Male,1978-12-01,9,3,770,complex,5,770,5,14,0,Nee
1151,87,1370,783,Male,1994-02-01,9,3,1370,complex,8,1370,5,38,1,Ja
1152,87,1370,783,Male,1994-02-01,9,3,1370,complex,8,1370,5,38,1,Ja
1153,58,1370,783,Male,1994-02-01,9,3,1370,complex,8,1370,5,38,1,Ja
1154,138,1370,783,Male,1994-02-01,9,3,1370,complex,8,1370,5,19,1,Ja
1156,111,1370,783,Male,1994-02-01,9,3,1370,complex,8,1370,5,13,0,Ja
1159,87,2069,1740,Male,1983-11-01,9,3,2069,complex,10,2069,5,38,1,Ja
1160,87,2069,1740,Male,1983-11-01,9,3,2069,complex,10,2069,5,38,1,Ja
1161,87,2069,1740,Male,1983-11-01,9,3,2069,complex,10,2069,5,38,1,Ja
1162,87,2069,1740,Male,1983-11-01,9,3,2069,complex,10,2069,5,38,1,Ja
1165,111,2069,1740,Male,1983-11-01,9,3,2069,complex,10,2069,5,13,0,Ja
1166,18,2069,1740,Male,1983-11-01,9,3,2069,complex,10,2069,5,14,0,Ja
1167,27,2069,1740,Male,1983-11-01,9,3,2069,complex,10,2069,5,38,1,Ja
1173,87,2893,2178,Male,1993-03-01,9,3,2893,complex,10,2893,5,38,1,Ja
1174,87,2893,2178,Male,1993-03-01,9,3,2893,complex,10,2893,5,38,1,Ja
1175,87,2893,2178,Male,1993-03-01,9,3,2893,complex,10,2893,5,38,1,Ja
1176,58,2893,2178,Male,1993-03-01,9,3,2893,complex,10,2893,5,38,1,Ja
1177,87,2434,952,Male,1972-02-01,9,3,2434,complex,10,2434,5,38,1,Ja
1178,66,2434,952,Male,1972-02-01,9,3,2434,complex,10,2434,5,38,1,Ja
1179,45,2434,952,Male,1972-02-01,9,3,2434,complex,10,2434,5,38,0,Ja
1181,173,1436,4371,Male,1998-05-01,2,3,1436,complex,8,1436,5,4,1,Ja
1182,66,722,697,Male,1991-10-01,9,3,722,complex,5,722,5,38,1,Ja
1183,108,722,697,Male,1991-10-01,9,3,722,complex,5,722,5,97,1,Ja
1184,45,722,697,Male,1991-10-01,9,3,722,complex,5,722,5,38,1,Ja
1185,20,722,697,Male,1991-10-01,9,3,722,complex,5,722,5,4,0,Ja
1190,87,2086,1733,Male,1988-10-01,9,3,2086,complex,10,2086,5,38,1,Ja
1191,87,2086,1733,Male,1988-10-01,9,3,2086,complex,10,2086,5,38,1,Ja
1192,87,2086,1733,Male,1988-10-01,9,3,2086,complex,10,2086,5,38,1,Ja
1193,30,2086,1733,Male,1988-10-01,9,3,2086,complex,10,2086,10,35,1,Ja
1194,111,2086,1733,Male,1988-10-01,9,3,2086,complex,10,2086,10,13,1,Ja
1197,87,1929,1316,Male,1976-08-01,2,3,1929,complex,10,1929,5,38,1,Ja
1198,44,1929,1316,Male,1976-08-01,2,3,1929,complex,10,1929,5,38,1,Ja
1199,87,1929,1316,Male,1976-08-01,2,3,1929,complex,10,1929,5,38,1,Ja
1200,108,1929,1316,Male,1976-08-01,2,3,1929,complex,10,1929,5,38,0,Ja
1202,10,1929,1316,Male,1976-08-01,2,3,1929,complex,10,1929,5,9,0,Ja
1203,108,1929,1316,Male,1976-08-01,2,3,1929,complex,10,1929,5,38,0,Ja
1204,24,1929,1316,Male,1976-08-01,2,3,1929,complex,10,1929,5,38,0,Ja
1205,87,1929,1316,Male,1976-08-01,2,3,1929,complex,10,1929,5,38,1,Ja
1212,58,2624,23,Male,1995-10-01,2,3,2624,complex,10,2624,5,38,1,Ja
1213,58,2624,23,Male,1995-10-01,2,3,2624,complex,10,2624,5,38,1,Ja
1214,58,2624,23,Male,1995-10-01,2,3,2624,complex,10,2624,5,38,1,Ja
1217,153,2624,23,Male,1995-10-01,2,3,2624,complex,10,2624,5,40,0,Ja
1219,66,2310,220,Male,1991-08-01,9,3,2310,complex,25,2310,5,38,1,Ja
1220,44,2310,220,Male,1991-08-01,9,3,2310,complex,25,2310,5,38,1,Ja
1221,108,2310,220,Male,1991-08-01,9,3,2310,complex,25,2310,5,38,0,Ja
1222,7,2310,220,Male,1991-08-01,9,3,2310,complex,25,2310,5,38,1,Ja
1223,49,2310,220,Male,1991-08-01,9,3,2310,complex,25,2310,5,13,1,Ja
1225,140,1104,690,Male,1993-08-01,2,3,1104,complex,5,1104,5,38,1,Ja
1227,157,1104,690,Male,1993-08-01,2,3,1104,complex,5,1104,5,5,0,Ja
1228,66,767,1176,Male,1976-04-01,2,3,767,complex,5,767,5,38,1,Ja
1229,26,767,1176,Male,1976-04-01,2,3,767,complex,5,767,5,38,1,Ja
1230,7,767,1176,Male,1976-04-01,2,3,767,complex,5,767,5,38,1,Ja
1231,66,1932,1743,Male,1973-11-01,9,3,1932,complex,10,1932,5,38,0,Ja
1232,108,1932,1743,Male,1973-11-01,9,3,1932,complex,10,1932,5,38,0,Ja
1234,26,1932,1743,Male,1973-11-01,9,3,1932,complex,10,1932,5,38,1,Ja
1235,70,1932,1743,Male,1973-11-01,9,3,1932,complex,10,1932,5,27,0,Nee
1242,108,1363,3745,Male,1997-08-01,9,3,1363,complex,8,1363,5,38,1,Nee
1243,66,2828,2175,Male,1993-09-01,9,3,2828,complex,10,2828,5,38,0,Nee
1244,140,1104,690,Male,1993-08-01,2,3,1104,complex,5,1104,5,38,1,Ja
1246,157,1104,690,Male,1993-08-01,2,3,1104,complex,5,1104,5,5,0,Ja
1247,55,1086,1765,Male,1987-03-01,9,396,1086,complex,25,1086,5,35,0,Ja
1248,71,2852,4019,Male,1994-08-01,9,277,2852,complex,10,2852,5,38,1,Ja
1249,66,2852,4019,Male,1994-08-01,9,277,2852,complex,10,2852,5,38,1,Ja
1251,110,2887,95,Male,1992-08-01,9,3,2887,complex,10,2887,5,38,1,Ja
1255,108,2375,767,Male,1991-06-01,9,3,2375,complex,11,2375,5,38,0,Ja
1256,66,907,774,Male,1989-03-01,2,3,907,complex,25,907,5,38,1,Ja
1257,66,907,774,Male,1989-03-01,2,3,907,complex,25,907,5,38,1,Ja
1258,49,907,774,Male,1989-03-01,2,3,907,complex,25,907,5,13,0,Ja
1265,44,2663,343,Male,1995-05-01,2,3,2663,complex,10,2663,5,38,1,Ja
1269,87,2777,617,Male,1993-10-01,2,3,2777,complex,10,2777,5,38,1,Ja
1270,87,2777,617,Male,1993-10-01,2,3,2777,complex,10,2777,5,38,1,Ja
1271,87,2777,617,Male,1993-10-01,2,3,2777,complex,10,2777,5,38,1,Ja
1272,6,2777,617,Male,1993-10-01,2,3,2777,complex,10,2777,5,38,1,Ja
1274,101,2777,617,Male,1993-10-01,2,3,2777,complex,10,2777,5,38,0,Ja
1275,34,2777,617,Male,1993-10-01,2,3,2777,complex,10,2777,5,38,1,Ja
1280,87,2274,1147,Male,1981-04-01,9,283,2274,complex,126,2274,5,38,1,Ja
1281,87,2274,1147,Male,1981-04-01,9,283,2274,complex,126,2274,5,38,1,Ja
1282,87,2274,1147,Male,1981-04-01,9,283,2274,complex,126,2274,5,38,1,Ja
1283,6,2274,1147,Male,1981-04-01,9,283,2274,complex,126,2274,5,38,1,Ja
1284,7,2274,1147,Male,1981-04-01,9,283,2274,complex,126,2274,5,38,1,Ja
1299,24,2529,2158,Male,1978-02-01,1,3,2529,complex,10,2529,5,38,1,Ja
1300,108,2529,2158,Male,1978-02-01,1,3,2529,complex,10,2529,5,38,0,Ja
1302,58,2639,492,Male,1994-05-01,9,3,2639,complex,10,2639,5,38,1,Ja
1303,58,2639,492,Male,1994-05-01,9,3,2639,complex,10,2639,5,38,1,Ja
1305,108,2523,2148,Male,1983-10-01,9,3,2523,complex,10,2523,5,38,1,Ja
1306,11,2523,2148,Male,1983-10-01,9,3,2523,complex,10,2523,5,23,1,Ja
1307,87,2523,2148,Male,1983-10-01,9,3,2523,complex,10,2523,5,38,1,Ja
1308,87,2523,2148,Male,1983-10-01,9,3,2523,complex,10,2523,5,38,1,Ja
1309,7,1953,627,Male,1987-07-01,9,3,1953,complex,25,1953,5,38,1,Ja
1310,71,1953,627,Male,1987-07-01,9,3,1953,complex,25,1953,5,38,1,Ja
1314,108,753,1468,Male,1988-05-01,2,3,753,complex,25,753,5,38,0,Ja
1322,87,422,2692,Male,1988-09-01,9,270,422,complex,10,422,5,38,1,Ja
1323,87,422,2692,Male,1988-09-01,9,270,422,complex,10,422,5,38,1,Ja
1324,22,422,2692,Male,1988-09-01,9,270,422,complex,10,422,5,38,1,Ja
1325,22,422,2692,Male,1988-09-01,9,270,422,complex,10,422,5,38,1,Ja
1328,87,2432,148,Male,1992-08-01,2,3,2432,complex,25,2432,5,38,1,Ja
1329,87,2432,148,Male,1992-08-01,2,3,2432,complex,25,2432,5,38,1,Ja
1330,58,2432,148,Male,1992-08-01,2,3,2432,complex,25,2432,5,38,1,Ja
1331,58,2432,148,Male,1992-08-01,2,3,2432,complex,25,2432,5,38,1,Ja
1345,108,1000,1077,Male,1985-12-01,9,283,1000,complex,5,1000,5,38,0,Nee
1353,108,1441,4255,Male,1997-09-01,2,3,1441,complex,13,1441,5,38,1,Ja
1355,66,983,1351,Male,1989-05-01,9,3,983,complex,5,983,5,38,1,Ja
1356,66,983,1351,Male,1989-05-01,9,3,983,complex,5,983,5,38,1,Ja
1361,108,2299,1177,Male,1962-09-01,9,3,2299,complex,10,2299,5,38,1,Ja
1366,66,481,532,Male,1993-09-01,9,3,481,complex,11,481,5,38,1,Ja
1373,66,1170,910,Male,1994-04-01,2,3,1170,complex,8,1170,5,38,1,Ja
1374,66,1170,910,Male,1994-04-01,2,3,1170,complex,8,1170,5,38,1,Ja
1376,108,1170,910,Male,1994-04-01,2,3,1170,complex,8,1170,5,38,1,Ja
1377,180,1170,910,Male,1994-04-01,2,3,1170,complex,8,1170,5,38,0,Ja
1378,71,1170,910,Male,1994-04-01,2,3,1170,complex,8,1170,5,38,1,Ja
1379,108,2813,1892,Male,1995-05-01,2,3,2813,complex,10,2813,5,38,0,Ja
1380,87,2813,1892,Male,1995-05-01,2,3,2813,complex,10,2813,5,38,1,Ja
1381,101,2813,1892,Male,1995-05-01,2,3,2813,complex,10,2813,5,38,0,Ja
1387,66,1189,1847,Male,1974-07-01,9,3,1189,complex,25,1189,5,38,1,Ja
1388,87,1189,1847,Male,1974-07-01,9,3,1189,complex,25,1189,5,38,1,Ja
1389,7,1189,1847,Male,1974-07-01,9,3,1189,complex,25,1189,5,38,1,Ja
1390,10,1189,1847,Male,1974-07-01,9,3,1189,complex,25,1189,5,9,1,Ja
1391,115,1189,1847,Male,1974-07-01,9,3,1189,complex,25,1189,5,43,1,Ja
1392,87,95,1042,Male,1972-09-01,1,3,95,complex,11,95,5,38,1,Ja
1393,87,95,1042,Male,1972-09-01,1,3,95,complex,11,95,5,38,1,Ja
1394,108,95,1042,Male,1972-09-01,1,3,95,complex,11,95,5,38,0,Ja
1395,7,95,1042,Male,1972-09-01,1,3,95,complex,11,95,5,38,0,Ja
1407,180,1349,1890,Male,1995-10-01,2,3,1349,complex,25,1349,5,38,1,Ja
1414,66,1275,3375,Male,1995-02-01,2,3,1275,complex,13,1275,5,38,1,Ja
1415,87,1275,3375,Male,1995-02-01,2,3,1275,complex,13,1275,5,38,0,Ja
1416,58,1275,3375,Male,1995-02-01,2,3,1275,complex,13,1275,5,38,1,Ja
1417,140,1275,3375,Male,1995-02-01,2,3,1275,complex,13,1275,5,38,1,Ja
1418,34,1275,3375,Male,1995-02-01,2,3,1275,complex,13,1275,5,38,1,Ja
1419,91,1275,3375,Male,1995-02-01,2,3,1275,complex,13,1275,5,38,0,Ja
1421,66,754,35,Male,1992-10-01,9,3,754,complex,25,754,5,38,1,Ja
1422,87,754,35,Male,1992-10-01,9,3,754,complex,25,754,5,38,1,Ja
1423,34,754,35,Male,1992-10-01,9,3,754,complex,25,754,5,38,0,Ja
1424,8,754,35,Male,1992-10-01,9,3,754,complex,25,754,5,31,0,Ja
1425,26,754,35,Male,1992-10-01,9,3,754,complex,25,754,5,38,1,Ja
1426,87,2328,1450,Male,1983-08-01,9,3,2328,complex,113,2328,5,38,1,Ja
1427,66,2328,1450,Male,1983-08-01,9,3,2328,complex,113,2328,5,38,1,Ja
1428,127,2328,1450,Male,1983-08-01,9,3,2328,complex,113,2328,5,38,1,Ja
1429,90,2328,1450,Male,1983-08-01,9,3,2328,complex,113,2328,5,35,0,Ja
1431,24,2590,103,Male,1994-04-01,9,3,2590,complex,105,2590,5,38,0,Ja
1432,108,2590,103,Male,1994-04-01,9,3,2590,complex,105,2590,5,38,0,Ja
1433,34,2590,103,Male,1994-04-01,9,3,2590,complex,105,2590,5,33,1,Nee
1435,45,2790,3445,Male,1994-04-01,9,3,2790,complex,10,2790,5,38,1,Ja
1436,58,1512,535,Male,1996-04-01,2,3,1512,complex,10,1512,5,38,1,Ja
1437,58,1512,535,Male,1996-04-01,2,3,1512,complex,10,1512,5,38,1,Ja
1438,140,1512,535,Male,1996-04-01,2,3,1512,complex,10,1512,5,38,1,Ja
1439,108,1512,535,Male,1996-04-01,2,3,1512,complex,10,1512,5,38,1,Ja
1440,66,731,1710,Male,1971-05-01,2,3,731,complex,5,731,5,38,1,Ja
1441,87,731,1710,Male,1971-05-01,2,3,731,complex,5,731,5,38,1,Ja
1442,87,731,1710,Male,1971-05-01,2,3,731,complex,5,731,5,38,1,Ja
1447,14,731,1710,Male,1971-05-01,2,3,731,complex,5,731,5,14,0,Ja
1465,66,2411,11,Male,1988-10-01,9,3,2411,complex,113,2411,5,38,1,Ja
1466,87,2411,11,Male,1988-10-01,9,3,2411,complex,113,2411,5,38,1,Ja
1467,87,2411,11,Male,1988-10-01,9,3,2411,complex,113,2411,5,38,1,Ja
1468,109,2411,11,Male,1988-10-01,9,3,2411,complex,113,2411,5,38,1,Ja
1469,7,2411,11,Male,1988-10-01,9,3,2411,complex,113,2411,5,38,1,Ja
1470,24,2411,11,Male,1988-10-01,9,3,2411,complex,113,2411,5,38,1,Ja
1473,87,2184,995,Male,1984-03-01,2,3,2184,complex,25,2184,5,38,1,Ja
1475,24,1994,1429,Male,1978-01-01,9,176,1994,complex,10,1994,5,38,1,Ja
1477,24,2384,650,Male,1990-01-01,9,3,2384,complex,10,2384,10,38,1,Nee
1478,108,2384,650,Male,1990-01-01,9,3,2384,complex,10,2384,5,38,1,Nee
1479,66,779,1205,Male,1984-04-01,2,3,779,complex,10,779,5,38,1,Ja
1480,66,779,1205,Male,1984-04-01,2,3,779,complex,10,779,5,38,1,Ja
1485,109,779,1205,Male,1984-04-01,2,3,779,complex,10,779,5,38,1,Ja
1497,87,2250,3,Male,1990-09-01,9,3,2250,complex,10,2250,5,38,1,Ja
1498,66,2250,3,Male,1990-09-01,9,3,2250,complex,10,2250,5,38,1,Ja
1499,24,2250,3,Male,1990-09-01,9,3,2250,complex,10,2250,5,38,1,Ja
1500,108,2250,3,Male,1990-09-01,9,3,2250,complex,10,2250,5,38,1,Ja
1501,26,2250,3,Male,1990-09-01,9,3,2250,complex,10,2250,5,38,1,Ja
1502,34,2250,3,Male,1990-09-01,9,3,2250,complex,10,2250,5,9,0,Ja
1503,128,2250,3,Male,1990-09-01,9,3,2250,complex,10,2250,5,13,1,Ja
1504,6,2250,3,Male,1990-09-01,9,3,2250,complex,10,2250,5,38,1,Ja
1524,108,1373,827,Male,1996-08-01,9,3,1373,complex,13,1373,5,38,0,Ja
1535,108,2461,1957,Male,1988-04-01,9,3,2461,complex,10,2461,5,38,0,Ja
1536,66,2471,555,Male,1993-04-01,2,3,2471,complex,25,2471,5,38,1,Ja
1537,87,2471,555,Male,1993-04-01,2,3,2471,complex,25,2471,5,38,1,Ja
1538,87,2471,555,Male,1993-04-01,2,3,2471,complex,25,2471,5,38,1,Ja
1539,58,2471,555,Male,1993-04-01,2,3,2471,complex,25,2471,5,38,1,Ja
1540,24,2471,555,Male,1993-04-01,2,3,2471,complex,25,2471,5,38,0,Ja
1542,108,1195,3249,Male,1997-08-01,9,3,1195,complex,13,1195,5,38,0,Ja
1543,140,1195,3249,Male,1997-08-01,9,3,1195,complex,13,1195,5,38,1,Nee
1544,87,2515,2114,Male,1993-04-01,9,3,2515,complex,10,2515,5,38,1,Ja
1545,23,2515,2114,Male,1993-04-01,9,3,2515,complex,10,2515,5,38,1,Ja
1546,87,2515,2114,Male,1993-04-01,9,3,2515,complex,10,2515,5,38,1,Ja
1547,109,2515,2114,Male,1993-04-01,9,3,2515,complex,10,2515,5,38,1,Ja
1550,66,2385,1482,Male,1990-09-01,9,3,2385,complex,10,2385,5,39,1,Ja
1551,108,2385,1482,Male,1990-09-01,9,3,2385,complex,10,2385,5,38,0,Ja
1552,108,2006,1386,Male,1986-07-01,2,416,2006,complex,25,2006,5,38,0,Ja
1553,34,2006,1386,Male,1986-07-01,2,416,2006,complex,25,2006,5,38,0,Ja
1556,44,1271,340,Male,1995-12-01,9,3,1271,complex,8,1271,5,38,1,Ja
1557,49,1271,340,Male,1995-12-01,9,3,1271,complex,8,1271,5,13,0,Ja
1558,108,1271,340,Male,1995-12-01,9,3,1271,complex,8,1271,5,38,0,Ja
1559,174,1271,340,Male,1995-12-01,9,3,1271,complex,8,1271,5,5,0,Ja
1560,24,2860,5719,Male,1992-12-01,9,258,2860,complex,25,2860,5,38,1,Ja
1563,24,2770,3236,Male,1994-04-01,9,3,2770,complex,25,2770,5,38,0,Ja
1568,63,2444,840,Male,1992-07-01,9,220,2444,complex,25,2444,5,38,1,Ja
1569,87,2444,840,Male,1992-07-01,9,220,2444,complex,25,2444,5,38,1,Ja
1570,63,2444,840,Male,1992-07-01,9,220,2444,complex,25,2444,5,38,1,Ja
1571,53,2444,840,Male,1992-07-01,9,220,2444,complex,25,2444,5,38,0,Ja
1572,7,2444,840,Male,1992-07-01,9,220,2444,complex,25,2444,5,38,0,Nee
1573,108,2444,840,Male,1992-07-01,9,220,2444,complex,25,2444,5,38,0,Ja
1574,20,2444,840,Male,1992-07-01,9,220,2444,complex,25,2444,5,4,0,Nee
1575,87,2444,840,Male,1992-07-01,9,220,2444,complex,25,2444,5,38,1,Ja
1576,87,2444,840,Male,1992-07-01,9,220,2444,complex,25,2444,5,38,1,Ja
1577,66,2444,840,Male,1992-07-01,9,220,2444,complex,25,2444,5,38,0,Nee
1581,87,794,135,Male,1992-07-01,2,3,794,complex,5,794,5,38,1,Ja
1582,87,794,135,Male,1992-07-01,2,3,794,complex,5,794,5,38,1,Ja
1584,87,794,135,Male,1992-07-01,2,3,794,complex,5,794,5,38,1,Ja
1585,26,794,135,Male,1992-07-01,2,3,794,complex,5,794,5,38,1,Ja
1586,108,794,135,Male,1992-07-01,2,3,794,complex,5,794,5,38,0,Ja
1587,108,794,135,Male,1992-07-01,2,3,794,complex,5,794,5,38,1,Ja
1588,114,794,135,Male,1992-07-01,2,3,794,complex,5,794,5,5,1,Ja
1589,34,794,135,Male,1992-07-01,2,3,794,complex,5,794,5,4,1,Ja
1594,108,2857,5708,Male,1995-11-01,9,270,2857,complex,10,2857,5,38,0,Nee
1595,16,879,1528,Male,1989-10-01,9,3,879,complex,10,879,5,13,0,Nee
1596,24,879,1528,Male,1989-10-01,9,3,879,complex,10,879,5,38,0,Ja
1597,87,2415,294,Male,1992-01-01,9,3,2415,complex,10,2415,5,38,1,Ja
1598,87,2415,294,Male,1992-01-01,9,3,2415,complex,10,2415,5,38,1,Ja
1599,87,2415,294,Male,1992-01-01,9,3,2415,complex,10,2415,5,38,1,Ja
1600,87,2415,294,Male,1992-01-01,9,3,2415,complex,10,2415,5,38,1,Ja
1601,108,2415,294,Male,1992-01-01,9,3,2415,complex,10,2415,5,38,1,Ja
1603,66,2391,263,Male,1991-06-01,9,3,2391,complex,5,2391,5,38,1,Ja
1605,24,2391,263,Male,1991-06-01,9,3,2391,complex,5,2391,5,38,1,Ja
1613,15,7486,148,Male,1992-08-01,2,3,7486,complex,70,7486,5,35,0,Ja
1614,30,7486,148,Male,1992-08-01,2,3,7486,complex,70,7486,5,58,0,Ja
1616,78,7486,148,Male,1992-08-01,2,3,7486,complex,70,7486,5,4,0,Ja
1617,78,7486,148,Male,1992-08-01,2,3,7486,complex,70,7486,5,97,0,Ja
1618,170,7486,148,Male,1992-08-01,2,3,7486,complex,70,7486,5,91,0,Ja
1619,136,7486,148,Male,1992-08-01,2,3,7486,complex,70,7486,5,19,0,Ja
1650,192,7489,242,Male,1990-05-01,9,270,7489,complex,63,7489,5,59,0,Ja
1651,78,7489,242,Male,1990-05-01,9,270,7489,complex,63,7489,5,59,0,Ja
1652,114,7489,242,Male,1990-05-01,9,270,7489,complex,63,7489,5,5,0,Ja
1653,192,7489,242,Male,1990-05-01,9,270,7489,complex,63,7489,5,59,0,Ja
1654,78,7489,242,Male,1990-05-01,9,270,7489,complex,63,7489,5,59,0,Ja
1655,114,7489,242,Male,1990-05-01,9,270,7489,complex,63,7489,5,5,0,Ja
1656,78,7489,242,Male,1990-05-01,9,270,7489,complex,63,7489,5,4,0,Ja
1657,78,7489,242,Male,1990-05-01,9,270,7489,complex,63,7489,5,40,0,Ja
1658,114,7489,242,Male,1990-05-01,9,270,7489,complex,63,7489,5,4,0,Ja
1659,78,7489,242,Male,1990-05-01,9,270,7489,complex,63,7489,5,38,0,Ja
1660,78,7489,242,Male,1990-05-01,9,270,7489,complex,63,7489,5,19,0,Ja
1661,30,7489,242,Male,1990-05-01,9,270,7489,complex,63,7489,5,40,0,Ja
1662,78,7489,242,Male,1990-05-01,9,270,7489,complex,63,7489,5,4,0,Ja
1663,78,7489,242,Male,1990-05-01,9,270,7489,complex,63,7489,5,40,0,Ja
1664,114,7489,242,Male,1990-05-01,9,270,7489,complex,63,7489,5,4,0,Ja
1665,192,7489,10231,Male,2002-04-01,2,3,7489,complex,63,7489,5,59,0,Ja
1666,78,7489,10231,Male,2002-04-01,2,3,7489,complex,63,7489,5,59,0,Ja
1667,114,7489,10231,Male,2002-04-01,2,3,7489,complex,63,7489,5,5,0,Ja
1668,192,7489,10231,Male,2002-04-01,2,3,7489,complex,63,7489,5,59,0,Ja
1669,78,7489,10231,Male,2002-04-01,2,3,7489,complex,63,7489,5,59,0,Ja
1670,114,7489,10231,Male,2002-04-01,2,3,7489,complex,63,7489,5,5,0,Ja
1671,78,7489,10231,Male,2002-04-01,2,3,7489,complex,63,7489,5,4,0,Ja
1672,78,7489,10231,Male,2002-04-01,2,3,7489,complex,63,7489,5,40,0,Ja
1673,114,7489,10231,Male,2002-04-01,2,3,7489,complex,63,7489,5,4,0,Ja
1674,78,7489,10231,Male,2002-04-01,2,3,7489,complex,63,7489,5,38,0,Ja
1675,78,7489,10231,Male,2002-04-01,2,3,7489,complex,63,7489,5,19,0,Ja
1676,30,7489,10231,Male,2002-04-01,2,3,7489,complex,63,7489,5,40,0,Ja
1677,78,7489,10231,Male,2002-04-01,2,3,7489,complex,63,7489,5,4,0,Ja
1678,78,7489,10231,Male,2002-04-01,2,3,7489,complex,63,7489,5,40,0,Ja
1679,114,7489,10231,Male,2002-04-01,2,3,7489,complex,63,7489,5,4,0,Ja
1695,78,7491,227,Male,1994-06-01,2,3,7491,complex,71,7491,5,40,0,Ja
1696,111,7491,227,Male,1994-06-01,2,3,7491,complex,71,7491,5,13,0,Ja
1697,78,7491,227,Male,1994-06-01,2,3,7491,complex,71,7491,5,1,0,Ja
1698,78,7491,227,Male,1994-06-01,2,3,7491,complex,71,7491,5,77,0,Ja
1699,157,7491,227,Male,1994-06-01,2,3,7491,complex,71,7491,5,50,0,Ja
1700,78,7491,227,Male,1994-06-01,2,3,7491,complex,71,7491,5,91,0,Ja
1701,65,7491,227,Male,1994-06-01,2,3,7491,complex,71,7491,5,50,0,Ja
1702,78,7491,227,Male,1994-06-01,2,3,7491,complex,71,7491,5,50,0,Ja
1703,61,7491,227,Male,1994-06-01,2,3,7491,complex,71,7491,5,61,1,Ja
1704,30,7491,227,Male,1994-06-01,2,3,7491,complex,71,7491,5,58,1,Ja
1705,143,7491,227,Male,1994-06-01,2,3,7491,complex,71,7491,5,23,0,Ja
1706,78,7491,227,Male,1994-06-01,2,3,7491,complex,71,7491,5,38,1,Ja
1707,185,7491,227,Male,1994-06-01,2,3,7491,complex,71,7491,5,61,0,Ja
1708,15,7491,227,Male,1994-06-01,2,3,7491,complex,71,7491,5,58,0,Ja
1709,78,7491,227,Male,1994-06-01,2,3,7491,complex,71,7491,5,40,1,Ja
1710,78,7491,227,Male,1994-06-01,2,3,7491,complex,71,7491,5,38,1,Ja
1711,192,7491,227,Male,1994-06-01,2,3,7491,complex,71,7491,5,50,1,Ja
1712,30,7491,227,Male,1994-06-01,2,3,7491,complex,71,7491,5,58,1,Ja
1713,111,7491,227,Male,1994-06-01,2,3,7491,complex,71,7491,5,13,1,Ja
1714,5,7491,227,Male,1994-06-01,2,3,7491,complex,71,7491,5,17,1,Ja
1715,94,7491,227,Male,1994-06-01,2,3,7491,complex,71,7491,5,14,1,Ja
1716,192,7491,227,Male,1994-06-01,2,3,7491,complex,71,7491,5,4,1,Ja
1717,185,7491,227,Male,1994-06-01,2,3,7491,complex,71,7491,5,61,1,Ja
1718,182,7491,227,Male,1994-06-01,2,3,7491,complex,71,7491,5,28,1,Ja
1720,94,7491,227,Male,1994-06-01,2,3,7491,complex,71,7491,5,14,1,Ja
1721,78,7491,227,Male,1994-06-01,2,3,7491,complex,71,7491,5,38,1,Ja
1722,30,7493,266,Male,1989-03-01,2,3,7493,complex,63,7493,5,58,1,Ja
1723,15,7493,266,Male,1989-03-01,2,3,7493,complex,63,7493,5,1,1,Ja
1724,78,7493,266,Male,1989-03-01,2,3,7493,complex,63,7493,5,38,1,Ja
1725,192,7493,266,Male,1989-03-01,2,3,7493,complex,63,7493,5,50,1,Ja
1732,61,7496,10233,Male,1993-09-01,2,3,7496,complex,63,7496,5,56,1,Ja
1733,192,7497,330,Male,1996-10-01,9,3,7497,complex,71,7497,5,50,0,Ja
1734,78,7497,330,Male,1996-10-01,9,3,7497,complex,71,7497,5,40,0,Ja
1735,78,7497,330,Male,1996-10-01,9,3,7497,complex,71,7497,5,40,1,Ja
1736,185,7497,330,Male,1996-10-01,9,3,7497,complex,71,7497,5,61,1,Ja
1737,182,7497,330,Male,1996-10-01,9,3,7497,complex,71,7497,5,28,0,Ja
1738,78,7497,330,Male,1996-10-01,9,3,7497,complex,71,7497,5,38,1,Ja
1739,30,7497,330,Male,1996-10-01,9,3,7497,complex,71,7497,5,40,1,Nee
1740,78,7497,330,Male,1996-10-01,9,3,7497,complex,71,7497,5,28,1,Nee
1741,185,7497,330,Male,1996-10-01,9,3,7497,complex,71,7497,5,61,1,Nee
1742,88,7498,334,Male,1994-09-01,2,3,7498,complex,63,7498,5,10,0,Ja
1743,157,7498,334,Male,1994-09-01,2,3,7498,complex,63,7498,5,99,0,Ja
1744,88,7498,334,Male,1994-09-01,2,3,7498,complex,63,7498,5,10,1,Ja
1745,78,7498,334,Male,1994-09-01,2,3,7498,complex,63,7498,5,40,0,Ja
1746,78,7498,334,Male,1994-09-01,2,3,7498,complex,63,7498,5,97,0,Ja
1747,78,7498,334,Male,1994-09-01,2,3,7498,complex,63,7498,5,4,0,Ja
1748,10,7498,334,Male,1994-09-01,2,3,7498,complex,63,7498,5,9,0,Ja
1749,88,7498,334,Male,1994-09-01,2,3,7498,complex,63,7498,5,5,1,Ja
1750,78,7498,334,Male,1994-09-01,2,3,7498,complex,63,7498,5,38,0,Ja
1751,78,7498,334,Male,1994-09-01,2,3,7498,complex,63,7498,5,38,0,Ja
1752,78,7498,334,Male,1994-09-01,2,3,7498,complex,63,7498,5,38,0,Ja
1753,78,7498,334,Male,1994-09-01,2,3,7498,complex,63,7498,5,38,0,Ja
1754,170,7498,334,Male,1994-09-01,2,3,7498,complex,63,7498,5,91,0,Ja
1755,30,7498,334,Male,1994-09-01,2,3,7498,complex,63,7498,5,40,0,Ja
1756,1,7498,334,Male,1994-09-01,2,3,7498,complex,63,7498,5,19,0,Ja
1757,78,7498,334,Male,1994-09-01,2,3,7498,complex,63,7498,5,4,0,Ja
1758,10,7498,334,Male,1994-09-01,2,3,7498,complex,63,7498,5,9,0,Ja
1759,114,7498,334,Male,1994-09-01,2,3,7498,complex,63,7498,5,4,0,Ja
1760,94,7498,334,Male,1994-09-01,2,3,7498,complex,63,7498,5,14,0,Ja
1761,88,7498,334,Male,1994-09-01,2,3,7498,complex,63,7498,5,5,0,Ja
1762,78,7498,334,Male,1994-09-01,2,3,7498,complex,63,7498,5,4,1,Ja
1763,170,7498,334,Male,1994-09-01,2,3,7498,complex,63,7498,5,91,1,Ja
1764,30,7498,334,Male,1994-09-01,2,3,7498,complex,63,7498,5,40,1,Ja
1766,78,7498,334,Male,1994-09-01,2,3,7498,complex,63,7498,5,40,1,Ja
1767,114,7498,334,Male,1994-09-01,2,3,7498,complex,63,7498,5,4,1,Ja
1768,78,7498,334,Male,1994-09-01,2,3,7498,complex,63,7498,5,97,1,Ja
1769,157,7498,334,Male,1994-09-01,2,3,7498,complex,63,7498,5,50,1,Ja
1770,78,7498,334,Male,1994-09-01,2,3,7498,complex,63,7498,5,38,1,Ja
1771,78,7498,334,Male,1994-09-01,2,3,7498,complex,63,7498,5,31,0,Ja
1772,78,7498,334,Male,1994-09-01,2,3,7498,complex,63,7498,5,38,0,Ja
1773,30,7498,334,Male,1994-09-01,2,3,7498,complex,63,7498,5,58,1,Ja
1774,78,7498,334,Male,1994-09-01,2,3,7498,complex,63,7498,5,9,1,Ja
1775,1,7502,10234,Male,1991-10-01,9,3,7502,complex,70,7502,5,19,1,Ja
1776,157,7502,10234,Male,1991-10-01,9,3,7502,complex,70,7502,5,5,1,Ja
1777,78,7502,10234,Male,1991-10-01,9,3,7502,complex,70,7502,5,9,1,Ja
1779,15,7502,10234,Male,1991-10-01,9,3,7502,complex,70,7502,5,35,1,Ja
1780,5,7502,10234,Male,1991-10-01,9,3,7502,complex,70,7502,5,17,1,Ja
1782,192,7502,10234,Male,1991-10-01,9,3,7502,complex,70,7502,5,60,1,Ja
1783,78,7502,10234,Male,1991-10-01,9,3,7502,complex,70,7502,5,97,1,Ja
1791,94,7515,10240,Male,1991-09-01,9,3,7515,complex,70,7515,5,14,1,Ja
1792,157,7515,10240,Male,1991-09-01,9,3,7515,complex,70,7515,5,59,1,Ja
1793,78,7515,10240,Male,1991-09-01,9,3,7515,complex,70,7515,5,1,1,Ja
1794,78,7515,10240,Male,1991-09-01,9,3,7515,complex,70,7515,5,28,1,Ja
1795,114,7515,10240,Male,1991-09-01,9,3,7515,complex,70,7515,5,5,0,Ja
1796,78,7515,10240,Male,1991-09-01,9,3,7515,complex,70,7515,5,11,0,Ja
1797,78,7515,10240,Male,1991-09-01,9,3,7515,complex,70,7515,5,97,1,Ja
1798,78,7515,10240,Male,1991-09-01,9,3,7515,complex,70,7515,5,40,0,Ja
1799,94,7515,10240,Male,1991-09-01,9,3,7515,complex,70,7515,5,14,1,Ja
1800,30,7515,10240,Male,1991-09-01,9,3,7515,complex,70,7515,5,58,0,Ja
1801,157,7515,10240,Male,1991-09-01,9,3,7515,complex,70,7515,5,77,0,Ja
1802,55,7515,10240,Male,1991-09-01,9,3,7515,complex,70,7515,5,61,0,Ja
1803,114,7515,10240,Male,1991-09-01,9,3,7515,complex,70,7515,5,58,0,Ja
1804,157,7515,10240,Male,1991-09-01,9,3,7515,complex,70,7515,5,4,0,Ja
1805,78,7515,10240,Male,1991-09-01,9,3,7515,complex,70,7515,5,61,0,Ja
1806,78,7515,10240,Male,1991-09-01,9,3,7515,complex,70,7515,5,4,0,Ja
1807,78,7515,10240,Male,1991-09-01,9,3,7515,complex,70,7515,5,77,0,Ja
1808,94,7515,787,Male,1995-02-01,2,3,7515,complex,70,7515,5,14,1,Ja
1809,157,7515,787,Male,1995-02-01,2,3,7515,complex,70,7515,5,59,1,Ja
1810,78,7515,787,Male,1995-02-01,2,3,7515,complex,70,7515,5,1,1,Ja
1811,78,7515,787,Male,1995-02-01,2,3,7515,complex,70,7515,5,28,1,Ja
1812,114,7515,787,Male,1995-02-01,2,3,7515,complex,70,7515,5,5,0,Ja
1813,78,7515,787,Male,1995-02-01,2,3,7515,complex,70,7515,5,11,0,Ja
1814,78,7515,787,Male,1995-02-01,2,3,7515,complex,70,7515,5,97,1,Ja
1815,78,7515,787,Male,1995-02-01,2,3,7515,complex,70,7515,5,40,0,Ja
1816,94,7515,787,Male,1995-02-01,2,3,7515,complex,70,7515,5,14,1,Ja
1817,30,7515,787,Male,1995-02-01,2,3,7515,complex,70,7515,5,58,0,Ja
1818,157,7515,787,Male,1995-02-01,2,3,7515,complex,70,7515,5,77,0,Ja
1819,55,7515,787,Male,1995-02-01,2,3,7515,complex,70,7515,5,61,0,Ja
1820,114,7515,787,Male,1995-02-01,2,3,7515,complex,70,7515,5,58,0,Ja
1821,157,7515,787,Male,1995-02-01,2,3,7515,complex,70,7515,5,4,0,Ja
1822,78,7515,787,Male,1995-02-01,2,3,7515,complex,70,7515,5,61,0,Ja
1823,78,7515,787,Male,1995-02-01,2,3,7515,complex,70,7515,5,4,0,Ja
1824,78,7515,787,Male,1995-02-01,2,3,7515,complex,70,7515,5,77,0,Ja
1825,88,7517,774,Male,1989-03-01,2,3,7517,complex,70,7517,5,10,0,Ja
1826,78,7517,774,Male,1989-03-01,2,3,7517,complex,70,7517,5,38,1,Ja
1827,30,7517,774,Male,1989-03-01,2,3,7517,complex,70,7517,5,40,1,Ja
1828,78,7517,774,Male,1989-03-01,2,3,7517,complex,70,7517,5,1,0,Ja
1829,78,7517,774,Male,1989-03-01,2,3,7517,complex,70,7517,5,97,0,Ja
1830,78,7517,774,Male,1989-03-01,2,3,7517,complex,70,7517,5,40,0,Ja
1831,78,7517,774,Male,1989-03-01,2,3,7517,complex,70,7517,5,38,0,Ja
1832,78,7517,774,Male,1989-03-01,2,3,7517,complex,70,7517,5,4,1,Ja
1833,88,7517,774,Male,1989-03-01,2,3,7517,complex,70,7517,5,10,1,Ja
1836,88,7517,10241,Male,1991-03-01,9,3,7517,complex,70,7517,5,10,0,Ja
1837,78,7517,10241,Male,1991-03-01,9,3,7517,complex,70,7517,5,38,1,Ja
1838,30,7517,10241,Male,1991-03-01,9,3,7517,complex,70,7517,5,40,1,Ja
1839,78,7517,10241,Male,1991-03-01,9,3,7517,complex,70,7517,5,1,0,Ja
1840,78,7517,10241,Male,1991-03-01,9,3,7517,complex,70,7517,5,97,0,Ja
1841,78,7517,10241,Male,1991-03-01,9,3,7517,complex,70,7517,5,40,0,Ja
1842,78,7517,10241,Male,1991-03-01,9,3,7517,complex,70,7517,5,38,0,Ja
1843,78,7517,10241,Male,1991-03-01,9,3,7517,complex,70,7517,5,4,1,Ja
1844,88,7517,10241,Male,1991-03-01,9,3,7517,complex,70,7517,5,10,1,Ja
1847,157,7518,822,Male,1994-09-01,2,3,7518,complex,63,7518,5,99,0,Ja
1848,114,7518,822,Male,1994-09-01,2,3,7518,complex,63,7518,5,5,0,Ja
1849,30,7518,822,Male,1994-09-01,2,3,7518,complex,63,7518,5,58,1,Ja
1850,157,7518,822,Male,1994-09-01,2,3,7518,complex,63,7518,5,60,0,Ja
1851,170,7518,822,Male,1994-09-01,2,3,7518,complex,63,7518,5,91,0,Ja
1862,30,7524,901,Male,1995-06-01,9,3,7524,complex,71,7524,5,58,0,Ja
1863,30,7524,901,Male,1995-06-01,9,3,7524,complex,71,7524,5,58,0,Ja
1864,78,7524,901,Male,1995-06-01,9,3,7524,complex,71,7524,5,97,1,Ja
1865,78,7524,901,Male,1995-06-01,9,3,7524,complex,71,7524,5,97,1,Ja
1866,114,7524,901,Male,1995-06-01,9,3,7524,complex,71,7524,5,5,0,Ja
1867,114,7524,901,Male,1995-06-01,9,3,7524,complex,71,7524,5,5,0,Ja
1868,55,7524,901,Male,1995-06-01,9,3,7524,complex,71,7524,5,57,1,Ja
1869,55,7524,901,Male,1995-06-01,9,3,7524,complex,71,7524,5,57,1,Ja
1870,78,7524,901,Male,1995-06-01,9,3,7524,complex,71,7524,5,97,1,Ja
1871,78,7524,901,Male,1995-06-01,9,3,7524,complex,71,7524,5,97,1,Ja
1872,78,7530,1981,Male,1991-11-01,9,3,7530,complex,71,7530,5,40,1,Ja
1873,89,7530,1981,Male,1991-11-01,9,3,7530,complex,71,7530,5,35,0,Ja
1874,5,7530,1981,Male,1991-11-01,9,3,7530,complex,71,7530,5,17,0,Ja
1875,30,7530,1981,Male,1991-11-01,9,3,7530,complex,71,7530,5,58,0,Ja
1876,30,7530,1981,Male,1991-11-01,9,3,7530,complex,71,7530,5,58,1,Ja
1877,5,7530,1981,Male,1991-11-01,9,3,7530,complex,71,7530,5,17,1,Ja
1878,36,7530,1981,Male,1991-11-01,9,3,7530,complex,71,7530,5,35,1,Ja
1880,78,7539,3236,Male,1994-04-01,9,3,7539,complex,63,7539,5,38,1,Nee
1881,192,7539,3236,Male,1994-04-01,9,3,7539,complex,63,7539,5,77,1,Nee
1892,92,1787,9485,Male,2000-01-01,2,3,1787,complex,8,1787,5,61,1,Ja
1944,34,7662,11432,Male,1993-07-01,9,3,7662,complex,66,7662,5,4,1,Ja
1946,8,7662,11432,Male,1993-07-01,9,3,7662,complex,66,7662,5,1,1,Ja
2034,191,2483,2018,Male,1957-12-01,3,3,2483,complex,25,2483,5,38,1,Nee
2035,60,2483,2018,Male,1957-12-01,3,3,2483,complex,25,2483,5,31,1,Nee
2036,11,2483,2018,Male,1957-12-01,3,3,2483,complex,25,2483,5,22,1,Nee
2037,191,2623,2396,Male,1995-02-01,2,3,2623,complex,10,2623,5,38,1,Nee
2051,173,1195,3249,Male,1997-08-01,9,3,1195,complex,13,1195,5,115,1,Nee
2062,16,2654,2794,Male,1962-08-01,2,3,2654,complex,25,2654,5,13,0,Ja
2074,71,2484,2304,Male,1972-11-01,9,416,2484,complex,10,2484,5,28,1,Ja
2091,123,1779,9029,Female,2000-09-01,9,94,1779,complex,8,1779,5,5,1,Nee
2092,173,1693,2146,Male,1998-11-01,2,3,1693,complex,8,1693,5,4,1,Nee
2093,155,1782,9564,Female,1996-06-01,2,3,1782,notcomplex,8,1782,5,93,0,Ja
2094,11,2118,1050,Male,1970-05-01,9,112,2118,complex,10,2118,5,22,1,Ja
2100,16,1870,157,Male,1979-11-01,9,3,1870,complex,10,1870,10,13,1,Ja
2101,191,2232,1120,Female,1979-10-01,9,97,2232,complex,10,2232,5,38,1,Nee
2109,77,2822,4289,Male,1988-10-01,9,3,2822,complex,25,2822,5,19,1,Ja
2120,36,2358,1282,Male,1968-01-01,3,3,2358,complex,10,2358,10,35,1,Nee
2138,149,1780,286,Male,2001-09-01,2,3,1780,complex,13,1780,5,14,0,Ja
2141,141,1729,8978,Male,1998-11-01,9,3,1729,complex,13,1729,5,4,1,Nee
2148,108,1959,1820,Male,1977-03-01,9,3,1959,complex,10,1959,5,38,0,Ja
2157,180,1266,61,Male,1994-07-01,9,134,1266,complex,11,1266,5,4,1,Ja
2170,191,2917,3484,Male,1995-06-01,9,277,2917,complex,10,2917,5,38,1,Ja
2171,127,2184,995,Male,1984-03-01,2,3,2184,complex,25,2184,5,38,0,Ja
2188,45,2009,1298,Male,1968-04-01,9,3,2009,complex,10,2009,5,38,1,Ja
2199,173,1619,6231,Male,2000-09-01,2,3,1619,complex,8,1619,5,4,1,Ja
2213,53,2021,1674,Male,1981-06-01,9,3,2021,complex,10,2021,5,38,1,Ja
2214,53,2974,2493,Male,1976-09-01,2,3,2974,complex,25,2974,10,38,1,Ja
2217,11,2021,1674,Male,1981-06-01,9,3,2021,complex,10,2021,10,23,0,Ja
2245,203,8003,12064,Male,1972-12-01,1,416,8003,complex,11,8003,5,10,1,Nee
2261,55,1829,2138,Female,1997-02-01,9,283,1829,complex,13,1829,5,23,1,Ja
2265,55,1829,2138,Female,1997-02-01,9,283,1829,complex,13,1829,5,12,1,Ja
2266,138,1829,2138,Female,1997-02-01,9,283,1829,complex,13,1829,5,103,1,Ja
2275,30,1950,1669,Male,1977-02-01,2,3,1950,complex,10,1950,10,35,1,Ja
2276,136,1950,1669,Male,1977-02-01,2,3,1950,complex,10,1950,5,21,1,Ja
2298,108,1799,9596,Male,1997-11-01,2,3,1799,complex,13,1799,5,4,1,Nee
2304,202,1786,4925,Female,1999-12-01,9,3,1786,complex,13,1786,5,27,1,Ja
2307,207,1631,7346,Male,1996-01-01,2,3,1631,complex,25,1631,5,32,0,Ja
2308,108,1631,7346,Male,1996-01-01,2,3,1631,complex,25,1631,5,4,1,Ja
2311,53,2285,1187,Male,1974-03-01,9,3,2285,complex,10,2285,5,38,1,Ja
2329,181,8149,12330,Male,1994-12-01,2,3,8149,complex,13,8149,5,4,1,Ja
2333,30,8053,12181,Male,1959-08-01,3,3,8053,complex,10,8053,5,35,1,Nee
2334,16,8053,12181,Male,1959-08-01,3,3,8053,complex,10,8053,5,13,0,Nee
2335,108,8053,12181,Male,1959-08-01,3,3,8053,complex,10,8053,5,38,1,Nee
2347,139,1922,1602,Male,1965-02-01,9,3,1922,complex,10,1922,5,37,1,Nee
2385,166,1802,9787,Male,1997-01-01,2,3,1802,complex,8,1802,5,12,1,Ja
2386,158,8176,12361,Male,1995-02-01,9,424,8176,complex,8,8176,5,4,1,Ja
2387,108,8176,12361,Male,1995-02-01,9,424,8176,complex,8,8176,5,77,1,Ja
2390,30,1953,627,Male,1987-07-01,9,3,1953,complex,25,1953,5,35,0,Nee
2391,30,3703,2791,Male,1983-03-01,9,3,3703,complex,25,3703,5,36,1,Ja
2411,47,3325,1150,Male,1988-09-01,9,3,3325,complex,5,3325,5,13,0,Nee
2418,78,8251,12451,Male,1970-01-01,9,3,8251,complex,11,8251,5,86,1,Nee
2429,16,1890,1374,Male,1967-05-01,9,3,1890,complex,10,1890,5,13,1,Nee
2466,45,8251,12451,Male,1970-01-01,9,3,8251,complex,11,8251,5,86,1,Nee
2475,148,1653,4489,Male,1999-07-01,9,3,1653,complex,13,1653,5,4,1,Nee
2481,30,2679,755,Male,1995-03-01,2,3,2679,complex,10,2679,5,36,0,Nee
2506,7,1948,1668,Male,1985-04-01,9,416,1948,complex,10,1948,5,38,1,Ja
2507,209,1948,1668,Male,1985-04-01,9,416,1948,complex,10,1948,5,38,1,Ja
2536,16,1947,1792,Male,1966-01-01,9,3,1947,complex,25,1947,5,13,1,Ja
2538,7,2539,2239,Male,1990-11-01,9,416,2539,complex,25,2539,5,38,0,Ja
2541,11,1947,1792,Male,1966-01-01,9,3,1947,complex,25,1947,5,17,1,Nee
2542,190,1947,1792,Male,1966-01-01,9,3,1947,complex,25,1947,5,9,1,Nee
2543,108,1947,1792,Male,1966-01-01,9,3,1947,complex,25,1947,5,38,1,Nee
2544,16,2291,1017,Male,1968-12-01,9,3,2291,complex,25,2291,10,13,1,Nee
2546,108,2086,1733,Male,1988-10-01,9,3,2086,complex,10,2086,5,38,1,Ja
2548,16,1907,1546,Male,1977-03-01,9,3,1907,complex,25,1907,10,13,1,Ja
2558,181,1557,695,Male,1997-01-01,9,3,1557,complex,8,1557,5,4,1,Nee
2560,71,2432,148,Male,1992-08-01,2,3,2432,complex,25,2432,5,38,1,Ja
2574,170,1824,10030,Male,1999-07-01,2,3,1824,complex,13,1824,5,91,1,Ja
2575,183,1824,10030,Male,1999-07-01,2,3,1824,complex,13,1824,5,79,1,Ja
2583,108,2834,4972,Male,1967-06-01,9,2,2834,complex,10,2834,5,38,1,Nee
2597,61,1075,2321,Male,1995-12-01,2,3,1075,complex,5,1075,5,36,1,Nee
2598,1,1075,2321,Male,1995-12-01,2,3,1075,complex,5,1075,5,22,1,Nee
2604,204,2895,947,Male,1995-02-01,9,424,2895,complex,25,2895,5,13,0,Ja
2629,143,1266,61,Male,1994-07-01,9,134,1266,complex,11,1266,10,23,1,Ja
2635,24,767,1176,Male,1976-04-01,2,3,767,complex,5,767,5,38,1,Ja
2642,140,1527,5117,Male,1996-04-01,9,277,1527,complex,10,1527,5,38,1,Ja
2665,204,1881,1319,Male,1955-10-01,9,3,1881,complex,25,1881,5,38,1,Nee
2676,108,8305,12560,Male,1999-08-01,2,3,8305,complex,8,8305,10,77,1,Nee
2698,188,8426,12719,Female,1997-07-01,9,3,8426,complex,13,8426,5,77,1,Nee
2707,30,3325,1150,Male,1988-09-01,9,3,3325,complex,5,3325,5,36,0,Nee
2708,136,2182,1328,Male,1974-04-01,2,3,2182,complex,10,2182,10,22,1,Ja
2709,16,2182,1328,Male,1974-04-01,2,3,2182,complex,10,2182,10,13,1,Ja
2722,195,1730,784,Male,1999-01-01,9,3,1730,complex,8,1730,5,4,1,Nee
2727,7,6065,7620,Male,1986-09-01,9,3,6065,complex,126,6065,5,31,1,Nee
2728,73,6065,7620,Male,1986-09-01,9,3,6065,complex,126,6065,5,31,1,Nee
2729,191,6065,7620,Male,1986-09-01,9,3,6065,complex,126,6065,5,38,1,Nee
2730,212,6065,7620,Male,1986-09-01,9,3,6065,complex,126,6065,5,38,0,Nee
2731,191,2233,1236,Male,1958-01-01,9,3,2233,complex,25,2233,5,38,1,Nee
2734,7,2206,1580,Male,1969-12-01,9,188,2206,complex,25,2206,5,28,1,Ja
2735,197,2206,1580,Male,1969-12-01,9,188,2206,complex,25,2206,5,24,1,Ja
2736,60,2206,1580,Male,1969-12-01,9,188,2206,complex,25,2206,5,28,1,Ja
2737,185,1730,784,Male,1999-01-01,9,3,1730,complex,8,1730,5,34,1,Nee
2749,132,2822,4289,Male,1988-10-01,9,3,2822,complex,25,2822,5,19,1,Ja
2750,30,2877,725,Male,1994-10-01,2,3,2877,complex,25,2877,5,35,1,Ja
2751,55,2877,725,Male,1994-10-01,2,3,2877,complex,25,2877,5,13,1,Ja
2760,94,824,3326,Male,1989-03-01,9,3,824,complex,5,824,5,14,1,Ja
2776,69,1885,1770,Male,1980-01-01,9,277,1885,complex,10,1885,5,9,1,Ja
2787,108,8022,12134,Male,1992-03-01,2,3,8022,complex,8,8022,5,77,1,Ja
2788,148,8022,12134,Male,1992-03-01,2,3,8022,complex,8,8022,5,34,0,Ja
2798,191,1334,2655,Male,1996-04-01,2,3,1334,complex,25,1334,5,38,1,Ja
2799,55,1821,489,Male,1996-05-01,2,3,1821,complex,8,1821,5,61,1,Ja
2800,27,1334,2655,Male,1996-04-01,2,3,1334,complex,25,1334,5,115,1,Ja
2801,108,1821,489,Male,1996-05-01,2,3,1821,complex,8,1821,5,77,1,Ja
2804,191,1903,1589,Male,1974-10-01,9,416,1903,complex,25,1903,5,38,1,Nee
2812,7,2101,959,Male,1968-11-01,9,3,2101,complex,25,2101,5,38,1,Nee
2813,27,2176,1257,Male,1954-12-01,3,3,2176,complex,10,2176,5,38,0,Nee
2814,191,2176,1257,Male,1954-12-01,3,3,2176,complex,10,2176,5,38,0,Nee
2829,24,8775,13406,Male,1997-01-01,2,3,8775,complex,13,8775,5,77,1,Ja
2836,108,1796,2205,Male,1999-01-01,2,3,1796,complex,13,1796,5,4,1,Ja
2838,49,296,3997,Male,1980-03-01,2,3,296,complex,11,296,5,13,1,Ja
2844,140,2852,4019,Male,1994-08-01,9,277,2852,complex,10,2852,5,38,1,Ja
2889,16,2239,1020,Male,1967-11-01,9,3,2239,complex,25,2239,5,13,1,Ja
2916,108,3212,750,Male,1997-03-01,9,3,3212,complex,25,3212,5,4,0,Ja
2917,151,3212,750,Male,1997-03-01,9,3,3212,complex,25,3212,5,1,0,Ja
2932,45,9054,13168,Male,1986-07-01,3,3,9054,complex,119,9054,5,20,1,Ja
2945,205,4195,4607,Male,1999-09-01,9,3,4195,complex,8,4195,5,4,1,Nee
2960,61,2245,911,Male,1986-12-01,9,3,2245,complex,25,2245,5,35,1,Ja
2980,16,1885,1770,Male,1980-01-01,9,277,1885,complex,10,1885,5,13,1,Ja
2981,136,1885,1770,Male,1980-01-01,9,277,1885,complex,10,1885,5,19,1,Ja
2984,197,2773,419,Female,1965-12-01,9,112,2773,complex,10,2773,5,69,0,Nee
2998,195,1539,901,Male,1995-06-01,9,3,1539,complex,25,1539,5,4,1,Nee
3001,34,1631,7346,Male,1996-01-01,2,3,1631,complex,25,1631,5,4,0,Ja
3009,24,9083,13843,Male,1994-08-01,2,3,9083,complex,8,9083,5,77,1,Ja
3021,144,8143,2781,Male,1997-08-01,9,3,8143,complex,8,8143,5,34,1,Nee
3022,30,1732,8958,Male,1999-05-01,9,3,1732,complex,8,1732,5,4,1,Nee
3023,108,1732,8958,Male,1999-05-01,9,3,1732,complex,8,1732,5,4,1,Nee
3028,144,9074,6813,Male,1997-05-01,2,3,9074,complex,13,9074,5,4,1,Nee
3063,108,2159,1221,Male,1974-03-01,9,188,2159,complex,10,2159,5,38,1,Nee
3064,109,2159,1221,Male,1974-03-01,9,188,2159,complex,10,2159,5,66,1,Ja
3065,30,2159,1221,Male,1974-03-01,9,188,2159,complex,10,2159,5,35,0,Ja
3098,11,892,5116,Male,1969-04-01,2,3,892,complex,25,892,10,27,1,Ja
3100,111,892,5116,Male,1969-04-01,2,3,892,complex,25,892,10,13,1,Ja
3117,170,6727,8728,Male,1999-07-01,2,3,6727,complex,13,6727,5,91,1,Nee
3118,101,6727,8728,Male,1999-07-01,2,3,6727,complex,13,6727,5,77,1,Nee
3119,147,6727,8728,Male,1999-07-01,2,3,6727,complex,13,6727,5,4,1,Nee
3120,134,1719,4831,Male,1998-06-01,9,3,1719,complex,13,1719,5,61,0,Nee
3121,134,1719,4831,Male,1998-06-01,9,3,1719,complex,13,1719,5,4,1,Nee
3122,24,9273,14191,Female,1996-08-01,9,3,9273,complex,13,9273,5,77,1,Ja
3258,24,7812,11682,Male,1966-02-01,2,3,7812,complex,25,7812,5,38,1,Ja
3267,2,1890,1374,Male,1967-05-01,9,3,1890,complex,10,1890,5,19,1,Nee
3283,36,2114,1634,Male,1967-10-01,2,3,2114,complex,10,2114,5,36,0,Ja
3286,34,1843,5975,Male,1997-10-01,2,3,1843,complex,13,1843,5,77,1,Nee
3301,144,8523,498,Male,2000-05-01,2,3,8523,complex,13,8523,5,77,1,Ja
3304,92,8845,12116,Male,1994-07-01,9,3,8845,complex,119,8845,5,61,0,Nee
3306,23,2366,1444,Male,1975-08-01,9,3,2366,complex,10,2366,5,77,1,Ja
3316,34,1227,449,Male,1994-07-01,2,3,1227,complex,5,1227,5,4,1,Ja
3351,209,1861,1230,Male,1982-11-01,9,283,1861,complex,10,1861,5,38,0,Ja
3352,16,1861,1230,Male,1982-11-01,9,283,1861,complex,10,1861,5,13,0,Ja
3359,30,8050,12178,Male,1986-05-01,9,3,8050,complex,10,8050,5,58,1,Ja
3360,143,8050,12178,Male,1986-05-01,9,3,8050,complex,10,8050,5,22,1,Ja
3393,108,9483,309,Male,1997-02-01,9,3,9483,complex,13,9483,5,77,1,Ja
3408,185,9380,14285,Male,1999-11-01,2,3,9380,complex,13,9380,5,61,1,Ja
3409,148,9380,14285,Male,1999-11-01,2,3,9380,complex,13,9380,5,4,0,Ja
3443,108,1542,82,Male,1998-10-01,9,283,1542,complex,13,1542,5,77,1,Nee
3444,108,9085,6001,Male,1999-01-01,9,3,9085,complex,13,9085,5,77,1,Nee
3476,144,8982,13703,Male,1997-11-01,2,3,8982,complex,105,8982,5,99,1,Nee
3488,208,9229,287,Male,1991-12-01,9,3,9229,complex,11,9229,5,115,1,Ja
3491,108,5701,6998,Male,1997-07-01,2,3,5701,complex,13,5701,5,77,1,Nee
3499,197,2153,1223,Unknown,1969-03-01,9,277,2153,complex,10,2153,5,22,1,Nee
3500,45,2153,1223,Unknown,1969-03-01,9,277,2153,complex,10,2153,5,22,1,Nee
3501,92,637,4758,Male,1994-10-01,9,262,637,complex,10,637,10,61,1,Ja
3507,11,2288,1170,Male,1969-04-01,9,3,2288,complex,10,2288,5,22,1,Nee
3508,71,2288,1170,Male,1969-04-01,9,3,2288,complex,10,2288,5,38,1,Nee
3509,108,2288,1170,Male,1969-04-01,9,3,2288,complex,10,2288,5,9,1,Nee
3510,205,632,1193,Male,1982-02-01,3,3,632,complex,105,632,5,10,1,Nee
3511,22,632,1193,Male,1982-02-01,3,3,632,complex,105,632,5,115,1,Nee
3512,108,632,1193,Male,1982-02-01,3,3,632,complex,105,632,5,38,1,Nee
3536,205,9299,13868,Female,2003-03-01,2,3,9299,complex,13,9299,5,22,1,Nee
3537,191,9299,13868,Female,2003-03-01,2,3,9299,complex,13,9299,5,77,1,Nee
3544,71,9673,14878,Male,1963-04-01,2,3,9673,complex,105,9673,5,38,1,Nee
3548,208,9673,14878,Male,1963-04-01,2,3,9673,complex,105,9673,5,38,1,Nee
3550,108,8769,13386,Male,2002-04-01,2,3,8769,complex,8,8769,5,77,1,Ja
3554,185,8769,13386,Male,2002-04-01,2,3,8769,complex,8,8769,5,61,1,Ja
3562,158,9052,261,Male,1989-09-01,9,3,9052,complex,119,9052,5,31,1,Ja
3576,186,920,3560,Male,1995-05-01,9,262,920,complex,5,920,5,51,0,Nee
3579,24,1827,4838,Male,1997-05-01,9,3,1827,complex,13,1827,5,77,0,Nee
3580,108,9063,6534,Male,1998-11-01,2,3,9063,complex,13,9063,5,77,1,Ja
3581,173,9063,6534,Male,1998-11-01,2,3,9063,complex,13,9063,5,4,1,Ja
3582,7,9251,7843,Male,1997-12-01,2,3,9251,complex,13,9251,5,11,1,Ja
3597,148,1834,10122,Male,2000-10-01,9,424,1834,complex,8,1834,5,4,1,Ja
3604,143,1522,679,Male,1996-06-01,9,3,1522,complex,8,1522,5,22,0,Ja
3632,108,9391,6562,Male,1981-09-01,9,416,9391,complex,25,9391,5,38,1,Nee
3633,11,9391,6562,Male,1981-09-01,9,416,9391,complex,25,9391,5,22,1,Nee
3634,216,9391,6562,Male,1981-09-01,9,416,9391,complex,25,9391,5,9,1,Nee
3635,11,8215,7544,Male,1995-04-01,9,3,8215,complex,25,8215,5,22,0,Ja
3636,34,8215,7544,Male,1995-04-01,9,3,8215,complex,25,8215,5,93,1,Ja
3661,61,1013,7119,Male,1994-06-01,2,3,1013,complex,5,1013,5,36,1,Ja
3700,170,1204,800,Male,1999-03-01,9,3,1204,complex,8,1204,5,61,1,Ja
3722,148,9734,2366,Male,2001-01-01,2,3,9734,complex,13,9734,5,4,1,Nee
3723,148,9735,14576,Male,2001-01-01,2,3,9735,complex,13,9735,5,4,1,Nee
3728,53,2451,1914,Male,1959-07-01,9,3,2451,complex,25,2451,5,38,1,Nee
3729,191,2159,1221,Male,1974-03-01,9,188,2159,complex,10,2159,5,9,1,Nee
3734,69,9848,15104,Male,1953-07-01,3,3,9848,complex,10,9848,5,19,0,Ja
3749,139,1468,2732,Male,1996-11-01,2,3,1468,complex,25,1468,5,40,1,Ja
3750,108,9416,745,Male,1998-05-01,2,3,9416,complex,8,9416,5,77,1,Ja
3754,189,1732,8958,Male,1999-05-01,9,3,1732,complex,8,1732,5,34,1,Nee
3755,198,3425,1554,Male,1970-12-01,2,3,3425,complex,126,3425,5,14,1,Ja
3756,143,3425,1554,Male,1970-12-01,2,3,3425,complex,126,3425,5,113,1,Ja
3758,16,3425,1554,Male,1970-12-01,2,3,3425,complex,126,3425,5,13,1,Ja
3777,108,1802,9787,Male,1997-01-01,2,3,1802,complex,8,1802,5,77,0,Ja
3778,87,1802,9787,Male,1997-01-01,2,3,1802,complex,8,1802,5,77,1,Ja
3787,78,9603,10311,Male,1998-09-01,9,3,9603,complex,25,9603,5,77,1,Ja
3795,174,9665,6551,Male,1998-04-01,2,3,9665,complex,13,9665,5,5,1,Ja
3806,151,9130,13926,Male,1998-12-01,2,3,9130,complex,13,9130,5,3,1,Nee
3812,136,902,5390,Male,1989-06-01,9,3,902,complex,5,902,10,22,0,Ja
3814,2,819,3855,Male,1992-09-01,2,3,819,complex,5,819,5,22,1,Nee
3826,108,9483,309,Male,1997-02-01,9,3,9483,complex,13,9483,5,91,1,Ja
3827,44,9483,309,Male,1997-02-01,9,3,9483,complex,13,9483,5,77,1,Ja
3832,101,1811,3662,Male,1998-06-01,2,3,1811,complex,10,1811,5,77,0,Ja
3836,139,2798,820,Male,1995-02-01,2,3,2798,complex,25,2798,5,38,1,Nee
3850,138,9976,15351,Male,1997-11-01,2,3,9976,complex,8,9976,5,4,1,Ja
3852,140,1822,7895,Male,1999-10-01,9,3,1822,complex,25,1822,5,77,1,Nee
3856,183,9976,15351,Male,1997-11-01,2,3,9976,complex,8,9976,5,77,1,Ja
3867,1,1303,3496,Male,1995-08-01,9,424,1303,complex,8,1303,5,23,1,Ja
3873,24,10099,11642,Male,1992-03-01,2,3,10099,complex,5,10099,5,38,1,Ja
3880,139,5468,6593,Male,2001-05-01,2,3,5468,complex,13,5468,5,4,0,Ja
3881,148,5468,6593,Male,2001-05-01,2,3,5468,complex,13,5468,5,115,1,Ja
3882,34,5468,6593,Male,2001-05-01,2,3,5468,complex,13,5468,5,115,1,Ja
3883,108,5468,6593,Male,2001-05-01,2,3,5468,complex,13,5468,5,79,1,Ja
3895,108,9780,4449,Male,1997-06-01,2,3,9780,complex,13,9780,5,34,1,Nee
3911,108,2174,1034,Male,1972-08-01,2,3,2174,complex,10,2174,5,38,1,Ja
3927,208,10111,8848,Male,1973-09-01,9,3,10111,complex,105,10111,5,114,1,Nee
3944,156,1733,249,Male,1999-09-01,9,3,1733,complex,13,1733,5,4,1,Nee
3945,108,1828,5804,Male,1998-04-01,9,116,1828,complex,13,1828,5,104,0,Nee
3952,144,1542,82,Male,1998-10-01,9,283,1542,complex,13,1542,5,34,1,Nee
3964,181,3772,3376,Male,1997-08-01,2,3,3772,complex,13,3772,5,34,1,Nee
3965,195,3772,3376,Male,1997-08-01,2,3,3772,complex,13,3772,5,61,1,Ja
3967,174,8771,4638,Male,1998-11-01,9,6,8771,complex,25,8771,5,4,0,Nee
3969,189,8771,4638,Male,1998-11-01,9,6,8771,complex,25,8771,5,82,0,Nee
3978,2,10236,1176,Male,1976-04-01,2,3,10236,complex,5,10236,5,22,1,Ja
3985,183,8849,7661,Male,2000-05-01,2,3,8849,complex,8,8849,5,77,1,Nee
3986,23,8849,7661,Male,2000-05-01,2,3,8849,complex,8,8849,5,77,1,Nee
3987,185,8849,7661,Male,2000-05-01,2,3,8849,complex,8,8849,5,91,1,Nee
4001,16,7900,11854,Male,1965-04-01,2,3,7900,complex,126,7900,5,13,0,Ja
4004,66,6065,7620,Male,1986-09-01,9,3,6065,complex,126,6065,5,38,1,Nee
4005,24,7819,11735,Male,1990-04-01,2,3,7819,complex,5,7819,5,38,1,Ja
4016,195,9628,804,Male,2001-08-01,2,3,9628,complex,13,9628,5,34,1,Ja
4020,189,9628,804,Male,2001-08-01,2,3,9628,complex,13,9628,5,34,1,Ja
4037,136,1975,1786,Male,1975-11-01,2,3,1975,complex,10,1975,5,22,0,Nee
4044,108,2289,1068,Male,1978-11-01,9,3,2289,complex,10,2289,5,38,1,Nee
4052,108,3371,1341,Male,1972-11-01,2,3,3371,complex,25,3371,5,38,1,Nee
4057,185,9904,14361,Male,1999-03-01,2,3,9904,complex,8,9904,5,61,1,Ja
4070,132,3371,1341,Male,1972-11-01,2,3,3371,complex,25,3371,5,23,0,Ja
4071,110,3371,1341,Male,1972-11-01,2,3,3371,complex,25,3371,5,38,1,Nee
4073,216,9209,1733,Male,1988-10-01,9,3,9209,complex,25,9209,5,9,1,Ja
4074,108,9209,1733,Male,1988-10-01,9,3,9209,complex,25,9209,5,38,1,Ja
4081,108,10265,13368,Male,1993-08-01,9,3,10265,complex,10,10265,5,22,1,Ja
4082,128,822,3857,Male,1993-06-01,9,3,822,complex,5,822,5,13,1,Ja
4083,128,10316,15984,Male,1994-08-01,2,3,10316,complex,5,10316,5,13,1,Nee
4096,2,1052,5295,Male,1986-03-01,9,112,1052,complex,126,1052,5,22,1,Nee
4097,199,1052,5295,Male,1986-03-01,9,112,1052,complex,126,1052,5,31,1,Nee
4106,173,8982,13703,Male,1997-11-01,2,3,8982,complex,105,8982,5,34,1,Nee
4113,183,1451,2132,Male,1999-07-01,9,3,1451,complex,13,1451,5,77,1,Nee
4115,205,1653,4489,Male,1999-07-01,9,3,1653,complex,13,1653,5,4,1,Nee
4116,205,10191,8630,Male,2001-02-01,9,6,10191,complex,13,10191,5,4,1,Ja
4117,108,1380,2168,Male,1996-06-01,9,3,1380,complex,13,1380,5,34,1,Ja
4118,148,1380,2168,Male,1996-06-01,9,3,1380,complex,13,1380,5,34,1,Ja
4134,92,10168,15663,Male,1995-09-01,2,3,10168,complex,10,10168,10,61,1,Nee
4180,175,10536,5246,Male,1999-09-01,9,3,10536,complex,8,10536,5,4,1,Ja
4184,170,10553,494,Male,1997-11-01,9,3,10553,complex,8,10553,5,91,1,Ja
4186,108,1776,5809,Male,1999-02-01,2,3,1776,complex,8,1776,5,34,1,Ja
4203,2,1018,3999,Male,1993-05-01,9,25,1018,complex,5,1018,5,19,1,Ja
4212,108,9835,11516,Male,1998-07-01,2,3,9835,complex,13,9835,5,77,0,Nee
4213,181,9835,11516,Male,1998-07-01,2,3,9835,complex,13,9835,5,4,1,Nee
4217,170,10583,11481,Male,1998-09-01,2,3,10583,complex,13,10583,5,91,1,Ja
4224,181,3044,204,Male,1996-12-01,2,3,3044,complex,25,3044,5,4,0,Ja
4227,172,8022,12134,Male,1992-03-01,2,3,8022,complex,8,8022,5,34,1,Ja
4232,24,1528,807,Male,1998-03-01,9,3,1528,complex,13,1528,10,77,1,Nee
4233,189,1687,4976,Male,1999-10-01,2,3,1687,complex,13,1687,5,4,0,Ja
4237,138,1528,807,Male,1998-03-01,9,3,1528,complex,13,1528,5,4,1,Nee
4253,189,1735,8755,Male,1994-10-01,9,283,1735,complex,13,1735,5,4,0,Ja
4258,73,7901,11855,Male,1985-07-01,2,4,7901,complex,126,7901,5,31,1,Ja
4268,205,1290,2904,Male,1998-03-01,2,3,1290,complex,8,1290,5,4,1,Ja
4270,139,10552,5632,Male,1998-05-01,2,3,10552,complex,8,10552,5,4,0,Ja
4278,183,10683,16547,Male,2002-01-01,2,3,10683,complex,13,10683,5,4,1,Ja
4279,2,8098,789,Male,1996-11-01,9,3,8098,complex,5,8098,5,27,0,Nee
4281,1,771,1903,Male,1982-11-01,9,3,771,complex,5,771,5,19,1,Ja
4285,185,1144,2744,Male,1995-10-01,2,3,1144,complex,25,1144,5,91,0,Ja
4294,140,1594,304,Male,1998-01-01,2,3,1594,complex,10,1594,5,77,1,Ja
4295,108,1594,304,Male,1998-01-01,2,3,1594,complex,10,1594,5,34,1,Ja
4296,108,1528,807,Male,1998-03-01,9,3,1528,complex,13,1528,5,4,1,Nee
4305,108,1729,8978,Male,1998-11-01,9,3,1729,complex,13,1729,5,77,1,Nee
4353,111,10838,16852,Male,1990-04-01,9,3,10838,complex,5,10838,5,35,0,Ja
4356,2,1106,9591,Male,1957-01-01,3,3,1106,complex,5,1106,5,22,0,Ja
4372,108,1436,4371,Male,1998-05-01,2,3,1436,complex,8,1436,5,34,1,Ja
4377,138,1810,196,Male,1999-08-01,9,3,1810,complex,8,1810,5,60,0,Nee
4397,106,10538,16319,Male,1984-07-01,2,3,10538,complex,10,10538,5,103,1,Ja
4399,22,9673,14878,Male,1963-04-01,2,3,9673,complex,105,9673,5,38,1,Nee
4421,143,9919,5240,Male,1998-12-01,9,283,9919,complex,13,9919,5,23,0,Ja
4438,55,1539,901,Male,1995-06-01,9,3,1539,complex,25,1539,5,61,0,Ja
4443,183,10389,16073,Male,1998-01-01,2,3,10389,complex,8,10389,5,34,1,Nee
4458,36,10433,16127,Male,1988-04-01,2,3,10433,complex,10,10433,5,58,1,Nee
4470,108,11104,16637,Male,1999-01-01,2,3,11104,complex,13,11104,5,4,1,Nee
4472,108,7795,4565,Male,1999-10-01,9,285,7795,complex,13,7795,5,4,1,Nee
4473,181,7795,4565,Male,1999-10-01,9,285,7795,complex,13,7795,5,4,1,Nee
4492,24,11249,17755,Male,1987-10-01,9,3,11249,complex,5,11249,5,38,1,Ja
4493,24,11248,17754,Male,1985-09-01,2,3,11248,complex,5,11248,5,38,1,Ja
4502,205,11279,15712,Male,1999-03-01,2,3,11279,complex,13,11279,5,4,1,Nee
4503,181,11279,15712,Male,1999-03-01,2,3,11279,complex,13,11279,5,4,1,Nee
4506,108,11282,17109,Male,2000-05-01,2,3,11282,complex,13,11282,5,34,1,Nee
4525,108,11303,17860,Male,1996-05-01,9,3,11303,complex,8,11303,5,34,1,Ja
4558,108,9971,15420,Male,1995-06-01,2,3,9971,complex,5,9971,5,38,1,Ja
4568,108,928,6007,Male,1993-02-01,9,416,928,complex,5,928,5,38,1,Ja
4573,170,1687,4976,Male,1999-10-01,2,3,1687,complex,13,1687,5,91,0,Nee
4582,108,1339,3607,Male,1995-05-01,2,3,1339,complex,13,1339,5,4,0,Ja
4583,148,1339,3607,Male,1995-05-01,2,3,1339,complex,13,1339,5,4,1,Ja
4592,170,11468,14665,Male,2001-01-01,2,3,11468,complex,25,11468,5,91,1,Nee
4601,183,10662,15413,Male,1998-03-01,9,3,10662,complex,25,10662,5,77,1,Nee
4615,108,1113,281,Male,1996-04-01,9,3,1113,complex,5,1113,10,38,1,Ja
4616,219,798,3804,Male,1993-11-01,9,285,798,complex,5,798,5,38,0,Nee
4619,2,933,908,Unknown,1976-09-01,9,3,933,complex,5,933,5,27,0,Ja
4632,148,1436,4371,Male,1998-05-01,2,3,1436,complex,8,1436,5,4,1,Ja
4633,140,1436,4371,Male,1998-05-01,2,3,1436,complex,8,1436,5,77,1,Ja
4644,24,11550,18413,Female,1987-04-01,2,3,11550,complex,5,11550,5,38,1,Ja
4646,24,8229,1530,Male,1975-01-01,9,3,8229,complex,5,8229,5,38,1,Ja
4662,181,1787,9485,Male,2000-01-01,2,3,1787,complex,8,1787,5,34,1,Ja
4665,108,11628,13314,Male,1999-08-01,2,3,11628,complex,8,11628,5,34,0,Nee
4690,108,8895,3250,Male,1998-01-01,2,3,8895,complex,119,8895,5,91,1,Nee
4708,148,1367,3075,Male,1994-10-01,9,3,1367,complex,13,1367,5,38,1,Ja
4728,181,11281,17228,Male,2000-03-01,2,3,11281,complex,13,11281,5,4,1,Ja
4731,2,818,105,Male,1992-02-01,9,3,818,complex,5,818,5,22,0,Ja
4746,181,1292,3442,Male,1997-10-01,9,424,1292,complex,8,1292,5,103,1,Nee
4751,71,11785,18933,Male,1977-06-01,9,35,11785,complex,126,11785,5,31,1,Nee
4755,24,11754,1157,Male,1989-08-01,2,3,11754,complex,5,11754,5,38,1,Ja
4757,17,1975,1786,Male,1975-11-01,2,3,1975,complex,10,1975,5,105,1,Nee
4767,143,1594,304,Male,1998-01-01,2,3,1594,complex,10,1594,5,22,0,Ja
4768,55,1594,304,Male,1998-01-01,2,3,1594,complex,10,1594,5,61,0,Ja
4769,110,9214,7036,Male,1999-12-01,9,3,9214,complex,13,9214,5,77,0,Nee
4770,181,9214,7036,Male,1999-12-01,9,3,9214,complex,13,9214,5,9,1,Nee
4782,2,979,1015,Male,1958-12-01,9,288,979,complex,5,979,5,32,0,Ja
4783,183,11853,9440,Male,1999-05-01,2,416,11853,complex,8,11853,5,38,1,Ja
4788,108,11758,18864,Male,2000-12-01,2,416,11758,complex,8,11758,5,4,1,Nee
4793,52,1732,8958,Male,1999-05-01,9,3,1732,complex,8,1732,5,4,1,Nee
4809,108,901,5388,Male,1982-07-01,9,117,901,complex,5,901,5,38,1,Ja
4810,108,901,5388,Male,1982-07-01,9,117,901,complex,5,901,5,38,1,Ja
4820,108,11686,18687,Male,1958-03-01,3,3,11686,complex,5,11686,5,38,1,Ja
4826,108,11975,319,Male,1995-05-01,2,3,11975,complex,13,11975,5,4,0,Ja
4839,166,1730,784,Male,1999-01-01,9,3,1730,complex,8,1730,5,4,1,Nee
4850,195,11970,850,Male,1998-11-01,2,3,11970,complex,25,11970,5,77,0,Ja
4852,183,11628,13314,Male,1999-08-01,2,3,11628,complex,8,11628,5,77,1,Nee
4853,71,11628,13314,Male,1999-08-01,2,3,11628,complex,8,11628,5,77,1,Nee
4854,108,11628,13314,Male,1999-08-01,2,3,11628,complex,8,11628,5,77,1,Nee
4855,108,11628,13314,Male,1999-08-01,2,3,11628,complex,8,11628,5,61,1,Nee
4870,71,10580,5656,Male,1999-05-01,2,3,10580,complex,13,10580,5,77,1,Ja
4871,108,10580,5656,Male,1999-05-01,2,3,10580,complex,13,10580,5,77,1,Ja
4872,183,10580,5656,Male,1999-05-01,2,3,10580,complex,13,10580,5,77,1,Ja
4881,2,902,5390,Male,1989-06-01,9,3,902,complex,5,902,10,22,1,Ja
4885,108,11922,6847,Male,1997-12-01,2,3,11922,complex,5,11922,5,4,0,Ja
4887,143,11922,6847,Male,1997-12-01,2,3,11922,complex,5,11922,5,4,0,Ja
4904,161,10108,15230,Male,1999-07-01,2,3,10108,complex,8,10108,5,91,1,Nee
4922,183,9784,15099,Female,1999-09-01,9,3,9784,complex,13,9784,5,4,1,Nee
4923,173,9784,15099,Female,1999-09-01,9,3,9784,complex,13,9784,5,4,1,Nee
4927,158,7795,4565,Male,1999-10-01,9,285,7795,complex,13,7795,5,4,0,Nee
4932,181,12129,19752,Male,1999-12-01,2,3,12129,complex,8,12129,5,4,0,Nee
4934,173,12129,19752,Male,1999-12-01,2,3,12129,complex,8,12129,5,4,1,Nee
4935,108,4157,4547,Male,1999-06-01,9,3,4157,complex,8,4157,5,4,1,Nee
4936,158,4157,4547,Male,1999-06-01,9,3,4157,complex,8,4157,5,4,1,Nee
4937,189,4157,4547,Male,1999-06-01,9,3,4157,complex,8,4157,5,4,1,Nee
4963,108,923,5551,Male,1993-10-01,9,3,923,complex,25,923,5,38,1,Ja
4970,183,11970,850,Male,1998-11-01,2,3,11970,complex,25,11970,5,4,1,Ja
4975,143,11303,17860,Male,1996-05-01,9,3,11303,complex,8,11303,5,34,0,Ja
4985,24,10620,16460,Female,1992-05-01,2,3,10620,complex,5,10620,5,38,1,Ja
4986,24,9968,15409,Male,1991-03-01,9,3,9968,complex,5,9968,5,38,1,Ja
4996,24,788,1988,Male,1992-06-01,9,3,788,complex,5,788,5,38,1,Nee
5012,108,12617,20454,Male,1998-06-01,2,3,12617,complex,13,12617,5,4,1,Nee
5013,183,12617,20454,Male,1998-06-01,2,3,12617,complex,13,12617,5,4,1,Nee
5030,140,11471,408,Male,1999-02-01,2,3,11471,complex,25,11471,5,77,1,Nee
5039,27,12221,870,Male,1996-02-01,9,3,12221,complex,13,12221,5,4,0,Nee
5042,24,1123,10114,Male,1991-01-01,9,288,1123,complex,5,1123,10,38,1,Ja
5044,24,8179,12360,Male,1972-11-01,2,3,8179,complex,25,8179,5,38,1,Ja
5045,108,1126,963,Male,1985-09-01,8,345,1126,complex,5,1126,5,38,1,Nee
5054,158,11008,13168,Male,1986-07-01,3,3,11008,complex,119,11008,5,28,1,Nee
5055,139,11008,13168,Male,1986-07-01,3,3,11008,complex,119,11008,5,20,0,Nee
5058,49,11008,13168,Male,1986-07-01,3,3,11008,complex,119,11008,5,17,1,Nee
5060,195,12731,679,Male,1996-06-01,9,3,12731,complex,25,12731,5,4,1,Ja
5065,183,12691,6601,Male,1999-08-01,2,3,12691,complex,8,12691,5,4,1,Nee
5068,108,1037,1383,Male,1974-12-01,9,285,1037,complex,5,1037,5,38,0,Ja
5069,2,1037,1383,Male,1974-12-01,9,285,1037,complex,5,1037,5,22,1,Ja
5089,123,11912,19204,Male,1977-05-01,1,3,11912,complex,119,11912,10,31,1,Ja
5102,108,8229,1530,Male,1975-01-01,9,3,8229,complex,5,8229,5,38,1,Nee
5104,24,7830,11748,Male,1985-04-01,2,3,7830,complex,5,7830,5,38,1,Ja
5107,195,12836,21159,Male,1999-02-01,9,3,12836,complex,8,12836,5,4,1,Nee
5108,181,12836,21159,Male,1999-02-01,9,3,12836,complex,8,12836,5,4,1,Nee
5112,195,11969,18893,Male,2001-05-01,2,3,11969,complex,8,11969,5,4,1,Nee
5116,24,911,3039,Male,1993-11-01,9,166,911,complex,5,911,5,38,1,Nee
5118,24,911,3039,Male,1993-11-01,9,166,911,complex,5,911,5,77,1,Nee
5120,24,1018,3999,Male,1993-05-01,9,25,1018,complex,5,1018,5,38,0,Nee
5121,24,920,3560,Male,1995-05-01,9,262,920,complex,5,920,5,38,1,Nee
5122,24,959,1522,Male,1991-05-01,9,416,959,complex,5,959,5,38,1,Ja
5123,24,11296,17834,Male,1994-03-01,2,3,11296,complex,5,11296,5,9,1,Ja
5129,172,1674,8253,Male,1996-07-01,2,3,1674,complex,13,1674,5,4,0,Nee
5138,108,1611,675,Male,1996-08-01,9,3,1611,complex,13,1611,5,4,0,Nee
5146,183,13048,6636,Male,1999-09-01,9,416,13048,complex,8,13048,5,4,1,Nee
5149,183,13110,21517,Male,2003-04-01,2,3,13110,complex,8,13110,5,4,1,Nee
5150,181,13110,21517,Male,2003-04-01,2,3,13110,complex,8,13110,5,4,1,Ja
5154,170,4157,4547,Male,1999-06-01,9,3,4157,complex,8,4157,5,91,1,Nee
5159,181,13193,619,Male,2002-02-01,2,3,13193,complex,8,13193,5,4,1,Ja
5160,183,13193,619,Male,2002-02-01,2,3,13193,complex,8,13193,5,4,1,Ja
5171,101,11358,17993,Male,1997-11-01,2,3,11358,complex,13,11358,5,34,1,Nee
5212,110,1528,807,Male,1998-03-01,9,3,1528,complex,13,1528,5,4,1,Nee
5219,152,13386,16184,Female,2001-03-01,9,186,13386,complex,119,13386,5,79,1,Ja
5227,189,9214,7036,Male,1999-12-01,9,3,9214,complex,13,9214,5,82,1,Nee
5242,108,12918,21306,Male,1981-06-01,9,288,12918,complex,5,12918,5,38,1,Ja
5249,108,11922,6847,Male,1997-12-01,2,3,11922,complex,5,11922,5,61,0,Ja
5252,71,8844,8266,Male,1999-11-01,2,416,8844,complex,8,8844,5,4,1,Nee
5288,7,8845,12116,Male,1994-07-01,9,3,8845,complex,119,8845,5,77,1,Nee
5290,7,11912,19204,Male,1977-05-01,1,3,11912,complex,119,11912,5,38,1,Ja
5377,153,13785,18001,Male,2001-05-01,9,147,13785,complex,8,13785,5,4,1,Nee
5386,131,11822,967,Male,1971-11-01,9,3,11822,complex,10,11822,5,40,0,Nee
5397,212,10416,4255,Male,1997-09-01,2,3,10416,complex,13,10416,5,34,1,Nee
5399,181,13657,22813,Male,2000-12-01,9,3,13657,complex,13,13657,5,4,1,Nee
5418,108,9630,2227,Male,1998-08-01,2,3,9630,complex,13,9630,5,4,1,Ja
5420,148,7795,4565,Male,1999-10-01,9,285,7795,complex,13,7795,5,4,1,Nee
5427,24,1051,8446,Male,1992-08-01,9,260,1051,complex,5,1051,5,38,1,Ja
5439,108,1111,1260,Male,1987-01-01,9,3,1111,complex,5,1111,5,38,0,Nee
5446,170,11104,16637,Male,1999-01-01,2,3,11104,complex,13,11104,5,91,1,Nee
5454,217,14215,15417,Male,2000-05-01,2,3,14215,complex,8,14215,5,4,1,Ja
5455,217,13047,21565,Male,1999-11-01,9,3,13047,complex,8,13047,5,4,0,Nee
5456,210,11008,13168,Male,1986-07-01,3,3,11008,complex,119,11008,5,40,1,Nee
5457,183,13386,16184,Female,2001-03-01,9,186,13386,complex,119,13386,5,79,1,Ja
5458,139,13386,16184,Female,2001-03-01,9,186,13386,complex,119,13386,5,79,1,Ja
5459,7,11008,13168,Male,1986-07-01,3,3,11008,complex,119,11008,5,40,1,Nee
5464,148,1233,2956,Male,1996-10-01,9,3,1233,complex,13,1233,5,4,1,Ja
5465,134,1233,2956,Male,1996-10-01,9,3,1233,complex,13,1233,5,4,1,Ja
5480,108,14183,848,Male,1997-06-01,9,3,14183,complex,8,14183,5,4,1,Nee
5483,217,9603,10311,Male,1998-09-01,9,3,9603,complex,25,9603,5,77,1,Nee
5489,108,13127,21730,Male,1986-08-01,9,3,13127,complex,5,13127,5,38,1,Ja
5491,30,1674,8253,Male,1996-07-01,2,3,1674,complex,13,1674,5,91,1,Ja
5494,108,1193,2154,Male,1997-02-01,9,283,1193,complex,13,1193,5,93,1,Nee
5511,181,9615,14776,Male,1998-02-01,9,377,9615,complex,13,9615,5,4,1,Nee
5530,24,803,1278,Male,1981-06-01,2,3,803,complex,5,803,5,38,1,Ja
5556,217,11324,17918,Male,2000-03-01,2,3,11324,complex,8,11324,5,4,0,Nee
5570,181,11972,7344,Male,2000-06-01,9,3,11972,complex,13,11972,5,4,1,Ja
5579,170,15290,13227,Male,1999-03-01,2,3,15290,complex,8,15290,5,91,1,Ja
5598,219,11183,6534,Male,1998-11-01,2,3,11183,complex,13,11183,5,4,1,Nee
5621,219,13048,6636,Male,1999-09-01,9,416,13048,complex,8,13048,5,77,0,Nee
5622,181,13048,6636,Male,1999-09-01,9,416,13048,complex,8,13048,5,4,1,Nee
5661,217,10580,5656,Male,1999-05-01,2,3,10580,complex,13,10580,5,77,0,Ja
5663,108,8849,7661,Male,2000-05-01,2,3,8849,complex,8,8849,5,4,1,Nee
5664,139,10625,10108,Male,1999-07-01,2,3,10625,complex,8,10625,5,4,1,Ja
5678,183,16000,25353,Male,1999-03-01,2,3,16000,complex,13,16000,5,4,1,Nee
5679,108,16000,25353,Male,1999-03-01,2,3,16000,complex,13,16000,5,4,1,Nee
5683,24,16000,25353,Male,1999-03-01,2,3,16000,complex,13,16000,5,77,1,Nee
5699,108,860,2207,Male,1988-03-01,9,3,860,complex,5,860,5,38,1,Ja
5700,24,860,2207,Male,1988-03-01,9,3,860,complex,5,860,5,38,1,Ja
5713,183,10184,8808,Male,2001-02-01,2,3,10184,complex,13,10184,5,4,1,Ja
5740,157,9039,10013,Male,2000-10-01,9,268,9039,complex,13,9039,5,4,1,Nee
5769,23,15962,12367,Male,1998-11-01,2,3,15962,complex,13,15962,5,77,1,Ja
5771,26,15962,12367,Male,1998-11-01,2,3,15962,complex,13,15962,5,51,0,Ja
5774,217,1776,5809,Male,1999-02-01,2,3,1776,complex,8,1776,5,77,1,Ja
5778,108,788,1988,Male,1992-06-01,9,3,788,complex,5,788,5,38,1,Nee
5781,24,1105,15,Male,1991-02-01,9,3,1105,complex,5,1105,5,38,1,Ja
5782,2,1105,15,Male,1991-02-01,9,3,1105,complex,5,1105,5,9,0,Ja
5785,181,1583,4821,Male,1998-01-01,2,3,1583,complex,13,1583,5,34,1,Ja
5831,2,1079,1564,Male,1974-11-01,3,3,1079,complex,5,1079,5,22,0,Ja
5832,108,1079,1564,Male,1974-11-01,3,3,1079,complex,5,1079,5,38,0,Ja
5858,108,13808,23053,Male,1978-05-01,2,3,13808,complex,25,13808,5,4,1,Nee
5877,217,12263,4295,Male,1999-03-01,2,3,12263,complex,13,12263,5,77,1,Ja
5878,108,12263,4295,Male,1999-03-01,2,3,12263,complex,13,12263,5,4,0,Ja
5879,143,12263,4295,Male,1999-03-01,2,3,12263,complex,13,12263,5,27,0,Ja
5880,181,12263,4295,Male,1999-03-01,2,3,12263,complex,13,12263,5,4,1,Ja
5887,148,9615,14776,Male,1998-02-01,9,377,9615,complex,13,9615,5,4,1,Nee
5888,148,16000,25353,Male,1999-03-01,2,3,16000,complex,13,16000,5,4,1,Nee
5919,219,15765,6231,Male,2000-09-01,2,3,15765,complex,8,15765,5,77,0,Nee
5928,108,966,6883,Male,1993-07-01,9,3,966,complex,5,966,5,38,1,Ja
5983,271,11628,13314,Male,1999-08-01,2,3,11628,complex,8,11628,5,77,0,Nee
6018,217,7832,11753,Male,1998-04-01,2,3,7832,complex,8,7832,5,77,1,Nee
6022,181,19334,35290,Female,2000-02-01,2,3,19334,complex,8,19334,5,4,1,Nee
6040,212,19143,26962,Male,1994-12-01,2,3,19143,complex,119,19143,5,113,1,Ja
6068,219,7850,11765,Male,1999-02-01,2,3,7850,complex,8,7850,5,4,1,Nee
6152,24,11922,6847,Male,1997-12-01,2,3,11922,complex,5,11922,5,38,1,Nee
6153,2,950,611,Male,1989-02-01,9,324,950,complex,5,950,5,38,0,Ja
6179,108,2824,942,Male,1993-12-01,9,212,2824,complex,5,2824,5,38,1,Ja
6183,110,2798,820,Male,1995-02-01,2,3,2798,complex,25,2798,5,38,1,Nee
6199,219,9969,15410,Male,1992-03-01,9,3,9969,complex,5,9969,5,38,1,Ja
6201,219,987,2189,Male,1973-09-01,2,3,987,complex,5,987,5,38,1,Ja
6205,217,7617,11314,Male,2000-07-01,2,3,7617,complex,8,7617,5,77,1,Ja
6264,219,7617,11314,Male,2000-07-01,2,3,7617,complex,8,7617,5,77,0,Nee
6279,271,11281,17228,Male,2000-03-01,2,3,11281,complex,13,11281,5,77,1,Nee
6404,101,10389,16073,Male,1998-01-01,2,3,10389,complex,8,10389,5,34,0,Nee
6487,108,959,1522,Male,1991-05-01,9,416,959,complex,5,959,5,38,1,Ja
6488,108,959,1522,Male,1991-05-01,9,416,959,complex,5,959,5,38,1,Ja
6560,108,794,135,Male,1992-07-01,2,3,794,complex,5,794,5,38,1,Nee
6603,219,1102,8863,Male,1981-02-01,1,3,1102,complex,5,1102,5,38,1,Ja
